;Unnamed: 0;Tweets;step01;tokens;final_tokens;step02
0;0.0;RT @vanlith_gl: Pesanku untuk pengusaha sablon, jelang 2024 pokoknya jangan mau mengerjakan order kaos kampanye dan sebagainya tanpa kejelaâ€¦;vanlith_gl pesanku untuk pengusaha sablon jelang   pokoknya jangan mau mengerjakan order kaos kampanye dan sebagainya tanpa kejela;['vanlith_gl', 'pesanku', 'untuk', 'pengusaha', 'sablon', 'jelang', 'pokoknya', 'jangan', 'mau', 'mengerjakan', 'order', 'kaos', 'kampanye', 'dan', 'sebagainya', 'tanpa', 'kejela'];['vanlith_gl', 'pesanku', 'untuk', 'pengusaha', 'sablon', 'jelang', 'pokoknya', 'jangan', 'mau', 'mengerjakan', 'order', 'kaos', 'kampanye', 'dan', 'sebagainya', 'tanpa', 'kejela'];vanlith_gl pesanku untuk pengusaha sablon jelang pokoknya jangan mau mengerjakan order kaos kampanye dan sebagainya tanpa kejela
1;1.0;RT @pinot: someeetimesas you'rre lucky if almigjhty d0esn't disconnect your nnnerves. be ggraateful. https://t.co/LnKgokNmBl;pinot someeetimesas yourre lucky if almigjhty desn disconnect your nnnerves be ggraateful colnkgoknmbl;['pinot', 'someeetimesas', 'yourre', 'lucky', 'if', 'almigjhty', 'desn', 'disconnect', 'your', 'nnnerves', 'be', 'ggraateful', 'colnkgoknmbl'];['pinot', 'someeetimesas', 'yourre', 'lucky', 'if', 'almigjhty', 'desn', 'disconnect', 'your', 'nnnerves', 'be', 'ggraateful', 'colnkgoknmbl'];pinot someeetimesas yourre lucky if almigjhty desn disconnect your nnnerves be ggraateful colnkgoknmbl
2;2.0;Angkatan CCS / wiro paham nih... https://t.co/AKwyAuysUo;angkatan ccs wiro paham nih coakwyauysuo;['angkatan', 'ccs', 'wiro', 'paham', 'nih', 'coakwyauysuo'];['angkatan', 'ccs', 'wiro', 'paham', 'nih', 'coakwyauysuo'];angkatan ccs wiro paham nih coakwyauysuo
3;3.0;Toksik bener bocah busetttttt https://t.co/b5njNjTgqb;toksik bener bocah busetttttt cobnjnjtgqb;['toksik', 'bener', 'bocah', 'busetttttt', 'cobnjnjtgqb'];['toksik', 'bener', 'bocah', 'busetttttt', 'cobnjnjtgqb'];toksik bener bocah busetttttt cobnjnjtgqb
4;4.0;Akun2 provokator yang lagi manasin mesin 2024 ini ga perlu ditanggepin lah. Malah dapet awareness.;akun provokator yang lagi manasin mesin   ini ga perlu ditanggepin lah malah dapet awareness;['akun', 'provokator', 'yang', 'lagi', 'manasin', 'mesin', 'ini', 'ga', 'perlu', 'ditanggepin', 'lah', 'malah', 'dapet', 'awareness'];['akun', 'provokator', 'yang', 'lagi', 'manasin', 'mesin', 'ini', 'ga', 'perlu', 'ditanggepin', 'lah', 'malah', 'dapet', 'awareness'];akun provokator yang lagi manasin mesin ini ga perlu ditanggepin lah malah dapet awareness
5;5.0;@acotenri @EnzyStoria MAU;acotenri enzystoria mau;['acotenri', 'enzystoria', 'mau'];['acotenri', 'enzystoria', 'mau'];acotenri enzystoria mau
7;7.0;Sedih beneran disangka nyindir. Elu aje yg sensi. ğŸ˜‚ https://t.co/jo2OFTYcU3;sedih beneran disangka nyindir elu aje yg sensi cojooftycu;['sedih', 'beneran', 'disangka', 'nyindir', 'elu', 'aje', 'yg', 'sensi', 'cojooftycu'];['sedih', 'beneran', 'disangka', 'nyindir', 'elu', 'aje', 'yg', 'sensi', 'cojooftycu'];sedih beneran disangka nyindir elu aje yg sensi cojooftycu
8;8.0;Walau gw fans Spurs, gw harus akui, trisula lini depan Arsenal Saka-Jesus-Martinelli ini kerennya minta ampun. ğŸ«¡;walau gw fans spurs gw harus akui trisula lini depan arsenal saka jesus martinelli ini kerennya minta ampun;['walau', 'gw', 'fans', 'spurs', 'gw', 'harus', 'akui', 'trisula', 'lini', 'depan', 'arsenal', 'saka', 'jesus', 'martinelli', 'ini', 'kerennya', 'minta', 'ampun'];['walau', 'gw', 'fans', 'spurs', 'gw', 'harus', 'akui', 'trisula', 'lini', 'depan', 'arsenal', 'saka', 'jesus', 'martinelli', 'ini', 'kerennya', 'minta', 'ampun'];walau gw fans spurs gw harus akui trisula lini depan arsenal saka jesus martinelli ini kerennya minta ampun
9;9.0;Desember ini kita ketawa-ketawa di Bali yuk! â¤ï¸ https://t.co/7qiaw09nfR;desember ini kita ketawa ketawa di bali yuk coqiawnfr;['desember', 'ini', 'kita', 'ketawa', 'ketawa', 'di', 'bali', 'yuk', 'coqiawnfr'];['desember', 'ini', 'kita', 'ketawa', 'ketawa', 'di', 'bali', 'yuk', 'coqiawnfr'];desember ini kita ketawa ketawa di bali yuk coqiawnfr
10;10.0;RT @aimi_asi: Mantap Kak @nggirma â¤ï¸;aimi_asi mantap kak nggirma;['aimi_asi', 'mantap', 'kak', 'nggirma'];['aimi_asi', 'mantap', 'kak', 'nggirma'];aimi_asi mantap kak nggirma
11;11.0;"RT @evimsofian: Idola banget. Farel keren. ""Agamamu apa? Privasi."" 

Tolong ini dinormalisasi. https://t.co/WEIWVeKO2n";evimsofian idola banget farel keren agamamu apa privasi tolong ini dinormalisasi coweiwvekon;['evimsofian', 'idola', 'banget', 'farel', 'keren', 'agamamu', 'apa', 'privasi', 'tolong', 'ini', 'dinormalisasi', 'coweiwvekon'];['evimsofian', 'idola', 'banget', 'farel', 'keren', 'agamamu', 'apa', 'privasi', 'tolong', 'ini', 'dinormalisasi', 'coweiwvekon'];evimsofian idola banget farel keren agamamu apa privasi tolong ini dinormalisasi coweiwvekon
12;12.0;RT @rezasnegara: Coba kamu liat wajah ibumu ketika lagi tidur, dialah yang dulu ngelahirin dan ngurusin kamu dari kecil, datangi belio gengâ€¦;rezasnegara coba kamu liat wajah ibumu ketika lagi tidur dialah yang dulu ngelahirin dan ngurusin kamu dari kecil datangi belio geng;['rezasnegara', 'coba', 'kamu', 'liat', 'wajah', 'ibumu', 'ketika', 'lagi', 'tidur', 'dialah', 'yang', 'dulu', 'ngelahirin', 'dan', 'ngurusin', 'kamu', 'dari', 'kecil', 'datangi', 'belio', 'geng'];['rezasnegara', 'coba', 'kamu', 'liat', 'wajah', 'ibumu', 'ketika', 'lagi', 'tidur', 'dialah', 'yang', 'dulu', 'ngelahirin', 'dan', 'ngurusin', 'kamu', 'dari', 'kecil', 'datangi', 'belio', 'geng'];rezasnegara coba kamu liat wajah ibumu ketika lagi tidur dialah yang dulu ngelahirin dan ngurusin kamu dari kecil datangi belio geng
13;13.0;Yaudah gapapa kalo ternyata cepmek itu artinya cepak mekar, tapi bacanya yang bener dong cepmek jangan cepmek gituâ€¦ https://t.co/p7rxXMFxaX;yaudah gapapa kalo ternyata cepmek itu artinya cepak mekar tapi bacanya yang bener dong cepmek jangan cepmek gitu copr;['yaudah', 'gapapa', 'kalo', 'ternyata', 'cepmek', 'itu', 'artinya', 'cepak', 'mekar', 'tapi', 'bacanya', 'yang', 'bener', 'dong', 'cepmek', 'jangan', 'cepmek', 'gitu', 'copr'];['yaudah', 'gapapa', 'kalo', 'ternyata', 'cepmek', 'itu', 'artinya', 'cepak', 'mekar', 'tapi', 'bacanya', 'yang', 'bener', 'dong', 'cepmek', 'jangan', 'cepmek', 'gitu', 'copr'];yaudah gapapa kalo ternyata cepmek itu artinya cepak mekar tapi bacanya yang bener dong cepmek jangan cepmek gitu copr
14;14.0;Ngalahin Haaland mah gampang, rendem aja di aer nanti juga korslet chip-nya.;ngalahin haaland mah gampang rendem aja di aer nanti juga korslet chip nya;['ngalahin', 'haaland', 'mah', 'gampang', 'rendem', 'aja', 'di', 'aer', 'nanti', 'juga', 'korslet', 'chip', 'nya'];['ngalahin', 'haaland', 'mah', 'gampang', 'rendem', 'aja', 'di', 'aer', 'nanti', 'juga', 'korslet', 'chip', 'nya'];ngalahin haaland mah gampang rendem aja di aer nanti juga korslet chip nya
15;15.0;Andai Manchester City nggak beli cyborg buat jadi mesin gol, bisa-bisa Arsenal juara liga ini mah.;andai manchester city nggak beli cyborg buat jadi mesin gol bisa bisa arsenal juara liga ini mah;['andai', 'manchester', 'city', 'nggak', 'beli', 'cyborg', 'buat', 'jadi', 'mesin', 'gol', 'bisa', 'bisa', 'arsenal', 'juara', 'liga', 'ini', 'mah'];['andai', 'manchester', 'city', 'nggak', 'beli', 'cyborg', 'buat', 'jadi', 'mesin', 'gol', 'bisa', 'bisa', 'arsenal', 'juara', 'liga', 'ini', 'mah'];andai manchester city nggak beli cyborg buat jadi mesin gol bisa bisa arsenal juara liga ini mah
16;16.0;"RT @ditut: siapapun yg lg putus harapan,biarlah foto ini jd pengingat utk never give up hope &amp; suka cita.Bahkan dlm kondisi yg menurut orgâ€¦";ditut siapapun yg lg putus harapan biarlah foto ini jd pengingat utk never give up hope amp suka cita bahkan dlm kondisi yg menurut org;['ditut', 'siapapun', 'yg', 'lg', 'putus', 'harapan', 'biarlah', 'foto', 'ini', 'jd', 'pengingat', 'utk', 'never', 'give', 'up', 'hope', 'amp', 'suka', 'cita', 'bahkan', 'dlm', 'kondisi', 'yg', 'menurut', 'org'];['ditut', 'siapapun', 'yg', 'lg', 'putus', 'harapan', 'biarlah', 'foto', 'ini', 'jd', 'pengingat', 'utk', 'never', 'give', 'up', 'hope', 'amp', 'suka', 'cita', 'bahkan', 'dlm', 'kondisi', 'yg', 'menurut', 'org'];ditut siapapun yg lg putus harapan biarlah foto ini jd pengingat utk never give up hope amp suka cita bahkan dlm kondisi yg menurut org
17;17.0;"RT @matt_gray_: YouTube is free education.

But 98% don't know the best professors on its virtual campus. 

Here are the top 10 channels toâ€¦";matt_gray_ youtube is free education but   don know the best professors on its virtual campus here are the top   channels to;['matt_gray_', 'youtube', 'is', 'free', 'education', 'but', 'don', 'know', 'the', 'best', 'professors', 'on', 'its', 'virtual', 'campus', 'here', 'are', 'the', 'top', 'channels', 'to'];['matt_gray_', 'youtube', 'is', 'free', 'education', 'but', 'don', 'know', 'the', 'best', 'professors', 'on', 'its', 'virtual', 'campus', 'here', 'are', 'the', 'top', 'channels', 'to'];matt_gray_ youtube is free education but don know the best professors on its virtual campus here are the top channels to
18;18.0;Waduh ğŸ˜‚ https://t.co/0AyiqgTZYn;waduh coayiqgtzyn;['waduh', 'coayiqgtzyn'];['waduh', 'coayiqgtzyn'];waduh coayiqgtzyn
19;19.0;Udah sembuh ini mahhh ğŸ˜‚ğŸ˜‚ğŸ˜‚ğŸ˜‚ğŸ˜‚ğŸ˜‚ğŸ˜‚ğŸ˜‚ğŸ˜‚ https://t.co/hyDSlyKVfb;udah sembuh ini mahhh cohydslykvfb;['udah', 'sembuh', 'ini', 'mahhh', 'cohydslykvfb'];['udah', 'sembuh', 'ini', 'mahhh', 'cohydslykvfb'];udah sembuh ini mahhh cohydslykvfb
20;20.0;@bicaraboxoffice Kuda hitam yg mengejutkan;bicarabo kuda hitam yg mengejutkan;['bicarabo', 'kuda', 'hitam', 'yg', 'mengejutkan'];['bicarabo', 'kuda', 'hitam', 'yg', 'mengejutkan'];bicarabo kuda hitam yg mengejutkan
21;21.0;Lebih ke epilepsi ga sih? https://t.co/K7X57gWQoz;lebih ke epilepsi ga sih cok;['lebih', 'ke', 'epilepsi', 'ga', 'sih', 'cok'];['lebih', 'ke', 'epilepsi', 'ga', 'sih', 'cok'];lebih ke epilepsi ga sih cok
22;22.0;Setting bahasa di henponnya langsung auto british. ğŸ‘ https://t.co/Ro8RCesk02;setting bahasa di henponnya langsung auto british cororcesk;['setting', 'bahasa', 'di', 'henponnya', 'langsung', 'auto', 'british', 'cororcesk'];['setting', 'bahasa', 'di', 'henponnya', 'langsung', 'auto', 'british', 'cororcesk'];setting bahasa di henponnya langsung auto british cororcesk
23;23.0;@DianOnno The ultimate cringe;dianonno the ultimate cringe;['dianonno', 'the', 'ultimate', 'cringe'];['dianonno', 'the', 'ultimate', 'cringe'];dianonno the ultimate cringe
24;24.0;@ryorhamono Waaahhhhhh ğŸ’ªğŸ’ªğŸ’ªğŸ’ªğŸ’ªğŸ’ª;ryorhamono waaahhhhhh;['ryorhamono', 'waaahhhhhh'];['ryorhamono', 'waaahhhhhh'];ryorhamono waaahhhhhh
25;25.0;@bicaraboxoffice Gokssss;bicarabo gokssss;['bicarabo', 'gokssss'];['bicarabo', 'gokssss'];bicarabo gokssss
26;26.0;Mauliate godang â¤ï¸ https://t.co/w7nr2YzCHv;mauliate godang cownryzchv;['mauliate', 'godang', 'cownryzchv'];['mauliate', 'godang', 'cownryzchv'];mauliate godang cownryzchv
27;27.0;RT @NetflixID: Apa yang biasanya suka emak kalian bungkusin begini ges? https://t.co/cciIHOuQDc;netfli apa yang biasanya suka emak kalian bungkusin begini ges cocciihouqdc;['netfli', 'apa', 'yang', 'biasanya', 'suka', 'emak', 'kalian', 'bungkusin', 'begini', 'ges', 'cocciihouqdc'];['netfli', 'apa', 'yang', 'biasanya', 'suka', 'emak', 'kalian', 'bungkusin', 'begini', 'ges', 'cocciihouqdc'];netfli apa yang biasanya suka emak kalian bungkusin begini ges cocciihouqdc
28;28.0;RT @jakpost: Using the Kita Bisa online crowdfunding platform, Indonesia's BTS 'ARMY' raised more than Rp 447 million (US$29,316) in just oâ€¦;jakpost using the kita bisa online crowdfunding platform indonesia bts army raised more than rp   million us   in just;['jakpost', 'using', 'the', 'kita', 'bisa', 'online', 'crowdfunding', 'platform', 'indonesia', 'bts', 'army', 'raised', 'more', 'than', 'rp', 'million', 'us', 'in', 'just'];['jakpost', 'using', 'the', 'kita', 'bisa', 'online', 'crowdfunding', 'platform', 'indonesia', 'bts', 'army', 'raised', 'more', 'than', 'rp', 'million', 'us', 'in', 'just'];jakpost using the kita bisa online crowdfunding platform indonesia bts army raised more than rp million us in just
29;29.0;RT @eshasw: Bali in the future https://t.co/WyMnTuyvto;eshasw bali in the future cowymntuyvto;['eshasw', 'bali', 'in', 'the', 'future', 'cowymntuyvto'];['eshasw', 'bali', 'in', 'the', 'future', 'cowymntuyvto'];eshasw bali in the future cowymntuyvto
30;30.0;RT @moulysurya: Akhirnya bisa nonton â€œNgeri-Ngeri Sedapâ€ di @NetflixID Kayaknya ini film Indonesia pertama yang bikin gue nangis setelah Adâ€¦;moulysurya akhirnya bisa nonton ngeri ngeri sedap di netfli kayaknya ini film indonesia pertama yang bikin gue nangis setelah ad;['moulysurya', 'akhirnya', 'bisa', 'nonton', 'ngeri', 'ngeri', 'sedap', 'di', 'netfli', 'kayaknya', 'ini', 'film', 'indonesia', 'pertama', 'yang', 'bikin', 'gue', 'nangis', 'setelah', 'ad'];['moulysurya', 'akhirnya', 'bisa', 'nonton', 'ngeri', 'ngeri', 'sedap', 'di', 'netfli', 'kayaknya', 'ini', 'film', 'indonesia', 'pertama', 'yang', 'bikin', 'gue', 'nangis', 'setelah', 'ad'];moulysurya akhirnya bisa nonton ngeri ngeri sedap di netfli kayaknya ini film indonesia pertama yang bikin gue nangis setelah ad
31;31.0;Terlalu banyak kabar buruk. ğŸ˜¢;terlalu banyak kabar buruk;['terlalu', 'banyak', 'kabar', 'buruk'];['terlalu', 'banyak', 'kabar', 'buruk'];terlalu banyak kabar buruk
32;32.0;Klo hotel, gw sih mending rekomen https://t.co/CyD89ayubj aja lah udah. Agoda kusut. https://t.co/Any5TSIhGk;klo hotel gw sih mending rekomen cocydayubj aja lah udah agoda kusut coanytsihgk;['klo', 'hotel', 'gw', 'sih', 'mending', 'rekomen', 'cocydayubj', 'aja', 'lah', 'udah', 'agoda', 'kusut', 'coanytsihgk'];['klo', 'hotel', 'gw', 'sih', 'mending', 'rekomen', 'cocydayubj', 'aja', 'lah', 'udah', 'agoda', 'kusut', 'coanytsihgk'];klo hotel gw sih mending rekomen cocydayubj aja lah udah agoda kusut coanytsihgk
33;33.0;@miund @bene_dion @NetflixID Haha sanssss emg i didnt deserve credit. Cheers und, keep them lovely drawings coming! â¤ï¸;miund bene_dion netfli haha sanssss emg didnt deserve credit cheers und keep them lovely drawings coming;['miund', 'bene_dion', 'netfli', 'haha', 'sanssss', 'emg', 'didnt', 'deserve', 'credit', 'cheers', 'und', 'keep', 'them', 'lovely', 'drawings', 'coming'];['miund', 'bene_dion', 'netfli', 'haha', 'sanssss', 'emg', 'didnt', 'deserve', 'credit', 'cheers', 'und', 'keep', 'them', 'lovely', 'drawings', 'coming'];miund bene_dion netfli haha sanssss emg didnt deserve credit cheers und keep them lovely drawings coming
34;34.0;@miund @bene_dion @NetflixID Glad u enjoyed it ğŸ™â¤ï¸;miund bene_dion netfli glad enjoyed it;['miund', 'bene_dion', 'netfli', 'glad', 'enjoyed', 'it'];['miund', 'bene_dion', 'netfli', 'glad', 'enjoyed', 'it'];miund bene_dion netfli glad enjoyed it
35;35.0;"RT @NetflixID: Dua film Indonesia yang udah bisa ditonton di Netflix hari ini:

âœ… Ngeri-Ngeri Sedap: tentang anak-anak yang akhirnya mudik,â€¦";netfli dua film indonesia yang udah bisa ditonton di netflix hari ini ngeri ngeri sedap tentang anak anak yang akhirnya mudik;['netfli', 'dua', 'film', 'indonesia', 'yang', 'udah', 'bisa', 'ditonton', 'di', 'netflix', 'hari', 'ini', 'ngeri', 'ngeri', 'sedap', 'tentang', 'anak', 'anak', 'yang', 'akhirnya', 'mudik'];['netfli', 'dua', 'film', 'indonesia', 'yang', 'udah', 'bisa', 'ditonton', 'di', 'netflix', 'hari', 'ini', 'ngeri', 'ngeri', 'sedap', 'tentang', 'anak', 'anak', 'yang', 'akhirnya', 'mudik'];netfli dua film indonesia yang udah bisa ditonton di netflix hari ini ngeri ngeri sedap tentang anak anak yang akhirnya mudik
36;36.0;RT @miund: Mohon tanggungjawabnya Abang @bene_dion sudah bikin mata saya bengkak gara2 nonton Ngeri-Ngeri Sedap di @NetflixID. Selamat atasâ€¦;miund mohon tanggungjawabnya abang bene_dion sudah bikin mata saya bengkak gara nonton ngeri ngeri sedap di netfli selamat atas;['miund', 'mohon', 'tanggungjawabnya', 'abang', 'bene_dion', 'sudah', 'bikin', 'mata', 'saya', 'bengkak', 'gara', 'nonton', 'ngeri', 'ngeri', 'sedap', 'di', 'netfli', 'selamat', 'atas'];['miund', 'mohon', 'tanggungjawabnya', 'abang', 'bene_dion', 'sudah', 'bikin', 'mata', 'saya', 'bengkak', 'gara', 'nonton', 'ngeri', 'ngeri', 'sedap', 'di', 'netfli', 'selamat', 'atas'];miund mohon tanggungjawabnya abang bene_dion sudah bikin mata saya bengkak gara nonton ngeri ngeri sedap di netfli selamat atas
37;37.0;Yang belum sempat nonton di bioskop, silakan. Film perdana Imajinari karya @bene_dion yang akan mewakili Indonesiaâ€¦ https://t.co/PBQfiWliFk;yang belum sempat nonton di bioskop silakan film perdana imajinari karya bene_dion yang akan mewakili indonesia copbqfiwlifk;['yang', 'belum', 'sempat', 'nonton', 'di', 'bioskop', 'silakan', 'film', 'perdana', 'imajinari', 'karya', 'bene_dion', 'yang', 'akan', 'mewakili', 'indonesia', 'copbqfiwlifk'];['yang', 'belum', 'sempat', 'nonton', 'di', 'bioskop', 'silakan', 'film', 'perdana', 'imajinari', 'karya', 'bene_dion', 'yang', 'akan', 'mewakili', 'indonesia', 'copbqfiwlifk'];yang belum sempat nonton di bioskop silakan film perdana imajinari karya bene_dion yang akan mewakili indonesia copbqfiwlifk
39;39.0;RT @adjisdoaibu: ğŸ™ğŸ¼ğŸ™ğŸ¼ğŸ™ğŸ¼ https://t.co/OIrhWlSicV;adjisdoaibu cooirhwlsicv;['adjisdoaibu', 'cooirhwlsicv'];['adjisdoaibu', 'cooirhwlsicv'];adjisdoaibu cooirhwlsicv
40;40.0;Polower awal yang amat bangga sama pencapaian BiBo! ğŸ«¡ https://t.co/uRynQt3h5y;polower awal yang amat bangga sama pencapaian bibo courynqthy;['polower', 'awal', 'yang', 'amat', 'bangga', 'sama', 'pencapaian', 'bibo', 'courynqthy'];['polower', 'awal', 'yang', 'amat', 'bangga', 'sama', 'pencapaian', 'bibo', 'courynqthy'];polower awal yang amat bangga sama pencapaian bibo courynqthy
41;41.0;RT @FCBayernEN: Prior to kick-off, we observed a minute of silence in memory of the victims of the Kanjuruhan Stadium tragedy in Indonesiaâ€¦;fcbayernen prior to kick off we observed minute of silence in memory of the victims of the kanjuruhan stadium tragedy in indonesia;['fcbayernen', 'prior', 'to', 'kick', 'off', 'we', 'observed', 'minute', 'of', 'silence', 'in', 'memory', 'of', 'the', 'victims', 'of', 'the', 'kanjuruhan', 'stadium', 'tragedy', 'in', 'indonesia'];['fcbayernen', 'prior', 'to', 'kick', 'off', 'we', 'observed', 'minute', 'of', 'silence', 'in', 'memory', 'of', 'the', 'victims', 'of', 'the', 'kanjuruhan', 'stadium', 'tragedy', 'in', 'indonesia'];fcbayernen prior to kick off we observed minute of silence in memory of the victims of the kanjuruhan stadium tragedy in indonesia
42;42.0;Meski pandeminya udah jadi endemi, tapi kebiasaan pejabat buat cuci tangan masih konsisten ya?;meski pandeminya udah jadi endemi tapi kebiasaan pejabat buat cuci tangan masih konsisten ya;['meski', 'pandeminya', 'udah', 'jadi', 'endemi', 'tapi', 'kebiasaan', 'pejabat', 'buat', 'cuci', 'tangan', 'masih', 'konsisten', 'ya'];['meski', 'pandeminya', 'udah', 'jadi', 'endemi', 'tapi', 'kebiasaan', 'pejabat', 'buat', 'cuci', 'tangan', 'masih', 'konsisten', 'ya'];meski pandeminya udah jadi endemi tapi kebiasaan pejabat buat cuci tangan masih konsisten ya
43;43.0;@pinotski https://t.co/q48cW73NDU;pinotski coqcwndu;['pinotski', 'coqcwndu'];['pinotski', 'coqcwndu'];pinotski coqcwndu
44;44.0;"RT @AlissaWahid: Uluran kasih sayang teman2 semua sudah mulai kami hantarkan kepada keluarga korban #TragediKanjuruhan. 
Tidak akan bisa meâ€¦";alissawahid uluran kasih sayang teman semua sudah mulai kami hantarkan kepada keluarga korban tidak akan bisa me;['alissawahid', 'uluran', 'kasih', 'sayang', 'teman', 'semua', 'sudah', 'mulai', 'kami', 'hantarkan', 'kepada', 'keluarga', 'korban', 'tidak', 'akan', 'bisa', 'me'];['alissawahid', 'uluran', 'kasih', 'sayang', 'teman', 'semua', 'sudah', 'mulai', 'kami', 'hantarkan', 'kepada', 'keluarga', 'korban', 'tidak', 'akan', 'bisa', 'me'];alissawahid uluran kasih sayang teman semua sudah mulai kami hantarkan kepada keluarga korban tidak akan bisa me
45;45.0;Asli gw gatau samsek kalo PSI ikut2an deklarasi. Ngapain sih, kayak suaranya ngaruh aja. ğŸ˜”;asli gw gatau samsek kalo psi ikutan deklarasi ngapain sih kayak suaranya ngaruh aja;['asli', 'gw', 'gatau', 'samsek', 'kalo', 'psi', 'ikutan', 'deklarasi', 'ngapain', 'sih', 'kayak', 'suaranya', 'ngaruh', 'aja'];['asli', 'gw', 'gatau', 'samsek', 'kalo', 'psi', 'ikutan', 'deklarasi', 'ngapain', 'sih', 'kayak', 'suaranya', 'ngaruh', 'aja'];asli gw gatau samsek kalo psi ikutan deklarasi ngapain sih kayak suaranya ngaruh aja
46;46.0;Buat yang bilang â€œKenapa Nasdem diprotes PSI nggakâ€, gini guys jawabannya: GUA AJA BARU TAU DARI KALIAN KALO PSI DEKLARASI JUGA. ğŸ˜”;buat yang bilang kenapa nasdem diprotes psi nggak gini guys jawabannya gua aja baru tau dari kalian kalo psi deklarasi juga;['buat', 'yang', 'bilang', 'kenapa', 'nasdem', 'diprotes', 'psi', 'nggak', 'gini', 'guys', 'jawabannya', 'gua', 'aja', 'baru', 'tau', 'dari', 'kalian', 'kalo', 'psi', 'deklarasi', 'juga'];['buat', 'yang', 'bilang', 'kenapa', 'nasdem', 'diprotes', 'psi', 'nggak', 'gini', 'guys', 'jawabannya', 'gua', 'aja', 'baru', 'tau', 'dari', 'kalian', 'kalo', 'psi', 'deklarasi', 'juga'];buat yang bilang kenapa nasdem diprotes psi nggak gini guys jawabannya gua aja baru tau dari kalian kalo psi deklarasi juga
47;47.0;Harapan gw cuma 1, semoga nggak ada lagi pemecah-belahan bangsa kayak di 2 pemilu terakhir. Stop narasi cebong/kampâ€¦ https://t.co/cKdNnTCBmY;harapan gw cuma   semoga nggak ada lagi pemecah belahan bangsa kayak di   pemilu terakhir stop narasi cebongkamp cockdnntcbmy;['harapan', 'gw', 'cuma', 'semoga', 'nggak', 'ada', 'lagi', 'pemecah', 'belahan', 'bangsa', 'kayak', 'di', 'pemilu', 'terakhir', 'stop', 'narasi', 'cebongkamp', 'cockdnntcbmy'];['harapan', 'gw', 'cuma', 'semoga', 'nggak', 'ada', 'lagi', 'pemecah', 'belahan', 'bangsa', 'kayak', 'di', 'pemilu', 'terakhir', 'stop', 'narasi', 'cebongkamp', 'cockdnntcbmy'];harapan gw cuma semoga nggak ada lagi pemecah belahan bangsa kayak di pemilu terakhir stop narasi cebongkamp cockdnntcbmy
48;48.0;"Dengan resmi diumumkannya capres 2024, maka musim buzzer politik pun dimulai. Itâ€™s 2014 &amp; 2019 all over again. Bracâ€¦ https://t.co/r0uAZiSmmO";dengan resmi diumumkannya capres   maka musim buzzer politik pun dimulai it   amp   all over again brac coruazismmo;['dengan', 'resmi', 'diumumkannya', 'capres', 'maka', 'musim', 'buzzer', 'politik', 'pun', 'dimulai', 'it', 'amp', 'all', 'over', 'again', 'brac', 'coruazismmo'];['dengan', 'resmi', 'diumumkannya', 'capres', 'maka', 'musim', 'buzzer', 'politik', 'pun', 'dimulai', 'it', 'amp', 'all', 'over', 'again', 'brac', 'coruazismmo'];dengan resmi diumumkannya capres maka musim buzzer politik pun dimulai it amp all over again brac coruazismmo
49;49.0;RT @kumparan: Sejumlah pemain dan official Arema FC mendatangi Stadion Kanjuruhan di Malang, Senin (3/10). Kedatangan tersebut sebagai bentâ€¦;kumparan sejumlah pemain dan official arema fc mendatangi stadion kanjuruhan di malang senin   kedatangan tersebut sebagai bent;['kumparan', 'sejumlah', 'pemain', 'dan', 'official', 'arema', 'fc', 'mendatangi', 'stadion', 'kanjuruhan', 'di', 'malang', 'senin', 'kedatangan', 'tersebut', 'sebagai', 'bent'];['kumparan', 'sejumlah', 'pemain', 'dan', 'official', 'arema', 'fc', 'mendatangi', 'stadion', 'kanjuruhan', 'di', 'malang', 'senin', 'kedatangan', 'tersebut', 'sebagai', 'bent'];kumparan sejumlah pemain dan official arema fc mendatangi stadion kanjuruhan di malang senin kedatangan tersebut sebagai bent
50;50.0;Semangat teman-teman, kami tetap menanti! â¤ï¸ https://t.co/sXCED1O456;semangat teman teman kami tetap menanti co;['semangat', 'teman', 'teman', 'kami', 'tetap', 'menanti', 'co'];['semangat', 'teman', 'teman', 'kami', 'tetap', 'menanti', 'co'];semangat teman teman kami tetap menanti co
52;52.0;Cyborg. https://t.co/mXHJ4xqonx;cyborg co;['cyborg', 'co'];['cyborg', 'co'];cyborg co
53;53.0;@ivannmakhsara @diazdanar Gudlak ğŸ‘ğŸ‘ğŸ‘ğŸ‘ğŸ‘ğŸ‘;ivannmakhsara diazdanar gudlak;['ivannmakhsara', 'diazdanar', 'gudlak'];['ivannmakhsara', 'diazdanar', 'gudlak'];ivannmakhsara diazdanar gudlak
54;54.0;Gw ga masalah sih Nasdem mau dukung capres mana, bodo amat. Tapi apa iya deklarasinya gak bisa ditunda dikit? Kitaâ€¦ https://t.co/Q88R1CGTHw;gw ga masalah sih nasdem mau dukung capres mana bodo amat tapi apa iya deklarasinya gak bisa ditunda dikit kita coqrcgthw;['gw', 'ga', 'masalah', 'sih', 'nasdem', 'mau', 'dukung', 'capres', 'mana', 'bodo', 'amat', 'tapi', 'apa', 'iya', 'deklarasinya', 'gak', 'bisa', 'ditunda', 'dikit', 'kita', 'coqrcgthw'];['gw', 'ga', 'masalah', 'sih', 'nasdem', 'mau', 'dukung', 'capres', 'mana', 'bodo', 'amat', 'tapi', 'apa', 'iya', 'deklarasinya', 'gak', 'bisa', 'ditunda', 'dikit', 'kita', 'coqrcgthw'];gw ga masalah sih nasdem mau dukung capres mana bodo amat tapi apa iya deklarasinya gak bisa ditunda dikit kita coqrcgthw
55;55.0;"RT @AlissaWahid: Tidak ada sepak bola senilai nyawa manusia...
Hati tersayat oleh tragedi Kanjuruhan.
Mari kita ulurkan tangan. GUSDURIAN pâ€¦";alissawahid tidak ada sepak bola senilai nyawa manusia hati tersayat oleh tragedi kanjuruhan mari kita ulurkan tangan gusdurian;['alissawahid', 'tidak', 'ada', 'sepak', 'bola', 'senilai', 'nyawa', 'manusia', 'hati', 'tersayat', 'oleh', 'tragedi', 'kanjuruhan', 'mari', 'kita', 'ulurkan', 'tangan', 'gusdurian'];['alissawahid', 'tidak', 'ada', 'sepak', 'bola', 'senilai', 'nyawa', 'manusia', 'hati', 'tersayat', 'oleh', 'tragedi', 'kanjuruhan', 'mari', 'kita', 'ulurkan', 'tangan', 'gusdurian'];alissawahid tidak ada sepak bola senilai nyawa manusia hati tersayat oleh tragedi kanjuruhan mari kita ulurkan tangan gusdurian
56;56.0;RT @BudiSetyarso: Prasasti nama-nama korban. #KoranTempo https://t.co/nxzj23tpnQ;budisetyarso prasasti nama nama korban co;['budisetyarso', 'prasasti', 'nama', 'nama', 'korban', 'co'];['budisetyarso', 'prasasti', 'nama', 'nama', 'korban', 'co'];budisetyarso prasasti nama nama korban co
57;57.0;"RT @AhmadKawom: Setelah peretasan ada satu pesan ancaman kpd kru narasi :"" DIAM ATAU MATI ""

Bantu narasi sebarkan kebenaran dengan RTL cuiâ€¦";ahmadkawom setelah peretasan ada satu pesan ancaman kpd kru narasi diam atau mati bantu narasi sebarkan kebenaran dengan cui;['ahmadkawom', 'setelah', 'peretasan', 'ada', 'satu', 'pesan', 'ancaman', 'kpd', 'kru', 'narasi', 'diam', 'atau', 'mati', 'bantu', 'narasi', 'sebarkan', 'kebenaran', 'dengan', 'cui'];['ahmadkawom', 'setelah', 'peretasan', 'ada', 'satu', 'pesan', 'ancaman', 'kpd', 'kru', 'narasi', 'diam', 'atau', 'mati', 'bantu', 'narasi', 'sebarkan', 'kebenaran', 'dengan', 'cui'];ahmadkawom setelah peretasan ada satu pesan ancaman kpd kru narasi diam atau mati bantu narasi sebarkan kebenaran dengan cui
58;58.0;â€œCASTING YUK!â€, gitu? https://t.co/cjbio86kN5;casting yuk gitu cocjbiokn;['casting', 'yuk', 'gitu', 'cocjbiokn'];['casting', 'yuk', 'gitu', 'cocjbiokn'];casting yuk gitu cocjbiokn
59;59.0;RT @panditfootball: Aksi solidaritas dari Bobotoh di Taman Cikapayang, Bandung. https://t.co/2z1TrpUcb0;panditfootball aksi solidaritas dari bobotoh di taman cikapayang bandung coztrpucb;['panditfootball', 'aksi', 'solidaritas', 'dari', 'bobotoh', 'di', 'taman', 'cikapayang', 'bandung', 'coztrpucb'];['panditfootball', 'aksi', 'solidaritas', 'dari', 'bobotoh', 'di', 'taman', 'cikapayang', 'bandung', 'coztrpucb'];panditfootball aksi solidaritas dari bobotoh di taman cikapayang bandung coztrpucb
60;60.0;"RT @AremaFC: Mohon izin meneruskan informasi dari kawan-kawan tenaga kesehatan RSUD Kanjuruhan. 

Apabila mengenali Aremania dan Aremanitaâ€¦";aremafc mohon izin meneruskan informasi dari kawan kawan tenaga kesehatan rsud kanjuruhan apabila mengenali aremania dan aremanita;['aremafc', 'mohon', 'izin', 'meneruskan', 'informasi', 'dari', 'kawan', 'kawan', 'tenaga', 'kesehatan', 'rsud', 'kanjuruhan', 'apabila', 'mengenali', 'aremania', 'dan', 'aremanita'];['aremafc', 'mohon', 'izin', 'meneruskan', 'informasi', 'dari', 'kawan', 'kawan', 'tenaga', 'kesehatan', 'rsud', 'kanjuruhan', 'apabila', 'mengenali', 'aremania', 'dan', 'aremanita'];aremafc mohon izin meneruskan informasi dari kawan kawan tenaga kesehatan rsud kanjuruhan apabila mengenali aremania dan aremanita
61;61.0;Sedih banget malah liat temen-temen twitwar segala. Udahlah, fokus aja sama orang-orang yang memang bertanggungjawaâ€¦ https://t.co/MXdTWfAXnG;sedih banget malah liat temen temen twitwar segala udahlah fokus aja sama orang orang yang memang bertanggungjawa co;['sedih', 'banget', 'malah', 'liat', 'temen', 'temen', 'twitwar', 'segala', 'udahlah', 'fokus', 'aja', 'sama', 'orang', 'orang', 'yang', 'memang', 'bertanggungjawa', 'co'];['sedih', 'banget', 'malah', 'liat', 'temen', 'temen', 'twitwar', 'segala', 'udahlah', 'fokus', 'aja', 'sama', 'orang', 'orang', 'yang', 'memang', 'bertanggungjawa', 'co'];sedih banget malah liat temen temen twitwar segala udahlah fokus aja sama orang orang yang memang bertanggungjawa co
62;62.0;RT @Spurs_ID: Tottenham Hotspur ingin menyampaikan belasungkawa kepada semua korban dan keluarga atas tragedi yang terjadi di Stadion Kanjuâ€¦;spurs_id tottenham hotspur ingin menyampaikan belasungkawa kepada semua korban dan keluarga atas tragedi yang terjadi di stadion kanju;['spurs_id', 'tottenham', 'hotspur', 'ingin', 'menyampaikan', 'belasungkawa', 'kepada', 'semua', 'korban', 'dan', 'keluarga', 'atas', 'tragedi', 'yang', 'terjadi', 'di', 'stadion', 'kanju'];['spurs_id', 'tottenham', 'hotspur', 'ingin', 'menyampaikan', 'belasungkawa', 'kepada', 'semua', 'korban', 'dan', 'keluarga', 'atas', 'tragedi', 'yang', 'terjadi', 'di', 'stadion', 'kanju'];spurs_id tottenham hotspur ingin menyampaikan belasungkawa kepada semua korban dan keluarga atas tragedi yang terjadi di stadion kanju
63;63.0;RT @aqfiazfan: Kami sudah memulai investigasi tragedi di Kanjuruhan dan butuh banyak informasi foto/video pasca match, saat match atau sesaâ€¦;aqfiazfan kami sudah memulai investigasi tragedi di kanjuruhan dan butuh banyak informasi fotovideo pasca match saat match atau sesa;['aqfiazfan', 'kami', 'sudah', 'memulai', 'investigasi', 'tragedi', 'di', 'kanjuruhan', 'dan', 'butuh', 'banyak', 'informasi', 'fotovideo', 'pasca', 'match', 'saat', 'match', 'atau', 'sesa'];['aqfiazfan', 'kami', 'sudah', 'memulai', 'investigasi', 'tragedi', 'di', 'kanjuruhan', 'dan', 'butuh', 'banyak', 'informasi', 'fotovideo', 'pasca', 'match', 'saat', 'match', 'atau', 'sesa'];aqfiazfan kami sudah memulai investigasi tragedi di kanjuruhan dan butuh banyak informasi fotovideo pasca match saat match atau sesa
64;64.0;"RT @FaktaSepakbola: ğŸš¨BREAKING: Update per jam ini dari Dinkes Kabupaten Malang jumlah korban meninggal dunia 182 orang.

Korban mayoritas bâ€¦";faktasepakbola breaking update per jam ini dari dinkes kabupaten malang jumlah korban meninggal dunia   orang korban mayoritas;['faktasepakbola', 'breaking', 'update', 'per', 'jam', 'ini', 'dari', 'dinkes', 'kabupaten', 'malang', 'jumlah', 'korban', 'meninggal', 'dunia', 'orang', 'korban', 'mayoritas'];['faktasepakbola', 'breaking', 'update', 'per', 'jam', 'ini', 'dari', 'dinkes', 'kabupaten', 'malang', 'jumlah', 'korban', 'meninggal', 'dunia', 'orang', 'korban', 'mayoritas'];faktasepakbola breaking update per jam ini dari dinkes kabupaten malang jumlah korban meninggal dunia orang korban mayoritas
65;65.0;RT @corbuzier: Mantap!! Polisi loe Prank KDRT!! Suka gue... Besok TNI sekalian.. gue temenin !! Asuuuh. #baimwong https://t.co/Rf0tstgBWv;corbuzier mantap polisi loe prank kd suka gue besok tni sekalian gue temenin asuuuh corftstgbwv;['corbuzier', 'mantap', 'polisi', 'loe', 'prank', 'kd', 'suka', 'gue', 'besok', 'tni', 'sekalian', 'gue', 'temenin', 'asuuuh', 'corftstgbwv'];['corbuzier', 'mantap', 'polisi', 'loe', 'prank', 'kd', 'suka', 'gue', 'besok', 'tni', 'sekalian', 'gue', 'temenin', 'asuuuh', 'corftstgbwv'];corbuzier mantap polisi loe prank kd suka gue besok tni sekalian gue temenin asuuuh corftstgbwv
66;66.0;Good call. https://t.co/7dNcTs68zk;good call codnctszk;['good', 'call', 'codnctszk'];['good', 'call', 'codnctszk'];good call codnctszk
67;67.0;Dear God ğŸ˜­ğŸ˜­ğŸ˜­ğŸ˜­ğŸ˜­ğŸ˜­ğŸ˜­ğŸ˜­ https://t.co/54MvfiTHTq;dear god comvfithtq;['dear', 'god', 'comvfithtq'];['dear', 'god', 'comvfithtq'];dear god comvfithtq
68;68.0;Terlalu mengerikan. Terlalu menyesakkan. Ya Tuhan. ğŸ˜­;terlalu mengerikan terlalu menyesakkan ya tuhan;['terlalu', 'mengerikan', 'terlalu', 'menyesakkan', 'ya', 'tuhan'];['terlalu', 'mengerikan', 'terlalu', 'menyesakkan', 'ya', 'tuhan'];terlalu mengerikan terlalu menyesakkan ya tuhan
69;69.0;RT @coldrebellion: Dua musibah stadion sepakbola yang paling banyak korban jiwa, Tragedi Lima (1964) dan Tragedi Accra (2001), sama-sama diâ€¦;coldrebellion dua musibah stadion sepakbola yang paling banyak korban jiwa tragedi lima   dan tragedi accra   sama sama di;['coldrebellion', 'dua', 'musibah', 'stadion', 'sepakbola', 'yang', 'paling', 'banyak', 'korban', 'jiwa', 'tragedi', 'lima', 'dan', 'tragedi', 'accra', 'sama', 'sama', 'di'];['coldrebellion', 'dua', 'musibah', 'stadion', 'sepakbola', 'yang', 'paling', 'banyak', 'korban', 'jiwa', 'tragedi', 'lima', 'dan', 'tragedi', 'accra', 'sama', 'sama', 'di'];coldrebellion dua musibah stadion sepakbola yang paling banyak korban jiwa tragedi lima dan tragedi accra sama sama di
70;70.0;RT @adepedia: Bencana sepak bola terbesar di dunia itu terjadi di Lima, Peru tahun 1964 menewaskan 328 jiwa. Tebak pencetusnya apa? Gas airâ€¦;adepedia bencana sepak bola terbesar di dunia itu terjadi di lima peru tahun   menewaskan   jiwa tebak pencetusnya apa gas air;['adepedia', 'bencana', 'sepak', 'bola', 'terbesar', 'di', 'dunia', 'itu', 'terjadi', 'di', 'lima', 'peru', 'tahun', 'menewaskan', 'jiwa', 'tebak', 'pencetusnya', 'apa', 'gas', 'air'];['adepedia', 'bencana', 'sepak', 'bola', 'terbesar', 'di', 'dunia', 'itu', 'terjadi', 'di', 'lima', 'peru', 'tahun', 'menewaskan', 'jiwa', 'tebak', 'pencetusnya', 'apa', 'gas', 'air'];adepedia bencana sepak bola terbesar di dunia itu terjadi di lima peru tahun menewaskan jiwa tebak pencetusnya apa gas air
71;71.0;Mohon maaf nih Pak Kapolda, tapi gas air mata di dalam stadion itu dilarang oleh FIFA. Mungkin alasannya ya supayaâ€¦ https://t.co/5XFnm4kP7e;mohon maaf nih pak kapolda tapi gas air mata di dalam stadion itu dilarang oleh fifa mungkin alasannya ya supaya co;['mohon', 'maaf', 'nih', 'pak', 'kapolda', 'tapi', 'gas', 'air', 'mata', 'di', 'dalam', 'stadion', 'itu', 'dilarang', 'oleh', 'fifa', 'mungkin', 'alasannya', 'ya', 'supaya', 'co'];['mohon', 'maaf', 'nih', 'pak', 'kapolda', 'tapi', 'gas', 'air', 'mata', 'di', 'dalam', 'stadion', 'itu', 'dilarang', 'oleh', 'fifa', 'mungkin', 'alasannya', 'ya', 'supaya', 'co'];mohon maaf nih pak kapolda tapi gas air mata di dalam stadion itu dilarang oleh fifa mungkin alasannya ya supaya co
72;72.0;Pak @jokowi, menteri anda ini lho. https://t.co/kga3jXvRIm;pak jokowi menteri anda ini lho cokgaj;['pak', 'jokowi', 'menteri', 'anda', 'ini', 'lho', 'cokgaj'];['pak', 'jokowi', 'menteri', 'anda', 'ini', 'lho', 'cokgaj'];pak jokowi menteri anda ini lho cokgaj
73;73.0;Speechless ğŸ˜­ğŸ˜­ğŸ˜­ğŸ˜­ğŸ˜­ https://t.co/9gZfXPrits;speechless cogzf;['speechless', 'cogzf'];['speechless', 'cogzf'];speechless cogzf
74;74.0;Turut berduka atas tragedi di Kanjuruhan. ğŸ˜¢ğŸ˜¢ğŸ˜¢ğŸ˜¢ğŸ˜¢ğŸ˜¢ğŸ˜¢ğŸ˜¢ğŸ˜¢ğŸ˜¢ğŸ˜¢ğŸ˜¢ğŸ˜¢ğŸ˜¢ğŸ˜¢ğŸ˜¢ğŸ˜¢ğŸ˜¢ğŸ˜¢ğŸ˜¢ğŸ˜¢ğŸ˜¢ğŸ˜¢ğŸ˜¢ğŸ˜¢;turut berduka atas tragedi di kanjuruhan;['turut', 'berduka', 'atas', 'tragedi', 'di', 'kanjuruhan'];['turut', 'berduka', 'atas', 'tragedi', 'di', 'kanjuruhan'];turut berduka atas tragedi di kanjuruhan
75;75.0;"@bicaraboxoffice Like &amp; Share bro";bicarabo like amp share bro;['bicarabo', 'like', 'amp', 'share', 'bro'];['bicarabo', 'like', 'amp', 'share', 'bro'];bicarabo like amp share bro
76;76.0;"Musim lalu Arteta &amp; â€œTrust the processâ€ jadi bahan olok-olok massal. Sekarang hasilnya keren banget, rispek.";musim lalu arteta amp trust the process jadi bahan olok olok massal sekarang hasilnya keren banget rispek;['musim', 'lalu', 'arteta', 'amp', 'trust', 'the', 'process', 'jadi', 'bahan', 'olok', 'olok', 'massal', 'sekarang', 'hasilnya', 'keren', 'banget', 'rispek'];['musim', 'lalu', 'arteta', 'amp', 'trust', 'the', 'process', 'jadi', 'bahan', 'olok', 'olok', 'massal', 'sekarang', 'hasilnya', 'keren', 'banget', 'rispek'];musim lalu arteta amp trust the process jadi bahan olok olok massal sekarang hasilnya keren banget rispek
77;77.0;Kartu merah dong. Yaudah, tutup aja aplikasi Vidionya ğŸ˜‚ğŸ˜‚ğŸ˜‚ğŸ˜‚ğŸ˜‚ğŸ˜‚ğŸ˜‚ğŸ˜‚ğŸ˜‚ğŸ˜‚ğŸ˜‚ğŸ˜‚ğŸ˜‚;kartu merah dong yaudah tutup aja aplikasi vidionya;['kartu', 'merah', 'dong', 'yaudah', 'tutup', 'aja', 'aplikasi', 'vidionya'];['kartu', 'merah', 'dong', 'yaudah', 'tutup', 'aja', 'aplikasi', 'vidionya'];kartu merah dong yaudah tutup aja aplikasi vidionya
78;78.0;@annanneass U too? Bloody hell;annanneass too bloody hell;['annanneass', 'too', 'bloody', 'hell'];['annanneass', 'too', 'bloody', 'hell'];annanneass too bloody hell
79;79.0;Arsenal sangar banget maennya. Bisa ini mah finish di top 2 kalo gak direcok cedera. Arteta udah lebih lama berproses, Conte butuh waktu.;arsenal sangar banget maennya bisa ini mah finish di top   kalo gak direcok cedera arteta udah lebih lama berproses conte butuh waktu;['arsenal', 'sangar', 'banget', 'maennya', 'bisa', 'ini', 'mah', 'finish', 'di', 'top', 'kalo', 'gak', 'direcok', 'cedera', 'arteta', 'udah', 'lebih', 'lama', 'berproses', 'conte', 'butuh', 'waktu'];['arsenal', 'sangar', 'banget', 'maennya', 'bisa', 'ini', 'mah', 'finish', 'di', 'top', 'kalo', 'gak', 'direcok', 'cedera', 'arteta', 'udah', 'lebih', 'lama', 'berproses', 'conte', 'butuh', 'waktu'];arsenal sangar banget maennya bisa ini mah finish di top kalo gak direcok cedera arteta udah lebih lama berproses conte butuh waktu
80;80.0;LLORIS MABOK CIUUUUUU ğŸ˜” 2-1 Arsenal unggul lagiiiiiiğŸ˜‚ğŸ˜‚ğŸ˜‚ğŸ˜‚ğŸ˜‚ğŸ˜‚ğŸ˜‚ğŸ˜‚ğŸ˜‚ğŸ˜‚ğŸ˜‚;lloris mabok ciuuuuuu     arsenal unggul lagiiiiii;['lloris', 'mabok', 'ciuuuuuu', 'arsenal', 'unggul', 'lagiiiiii'];['lloris', 'mabok', 'ciuuuuuu', 'arsenal', 'unggul', 'lagiiiiii'];lloris mabok ciuuuuuu arsenal unggul lagiiiiii
81;81.0;@SBKCF Anjir mana gw nonton lagi;sbkcf anjir mana gw nonton lagi;['sbkcf', 'anjir', 'mana', 'gw', 'nonton', 'lagi'];['sbkcf', 'anjir', 'mana', 'gw', 'nonton', 'lagi'];sbkcf anjir mana gw nonton lagi
82;82.0;@SpursWebSeb Emerson not too shabby.;spurswebseb emerson not too shabby;['spurswebseb', 'emerson', 'not', 'too', 'shabby'];['spurswebseb', 'emerson', 'not', 'too', 'shabby'];spurswebseb emerson not too shabby
83;83.0;Abis 1-1 Arsenal kayak rada goyang nih. Menarique. ğŸ˜‚;abis     arsenal kayak rada goyang nih menarique;['abis', 'arsenal', 'kayak', 'rada', 'goyang', 'nih', 'menarique'];['abis', 'arsenal', 'kayak', 'rada', 'goyang', 'nih', 'menarique'];abis arsenal kayak rada goyang nih menarique
84;84.0;1-1. Seru gila anjayyyyyy COYS https://t.co/uhUu9QHbxZ;    seru gila anjayyyyyy coys couhuuqhb;['seru', 'gila', 'anjayyyyyy', 'coys', 'couhuuqhb'];['seru', 'gila', 'anjayyyyyy', 'coys', 'couhuuqhb'];seru gila anjayyyyyy coys couhuuqhb
85;85.0;Busettttttt Spurs kebobolan rudal.. gila banget Partey ğŸ«¡ğŸ«¡ğŸ«¡ğŸ«¡ğŸ«¡;busettttttt spurs kebobolan rudal gila banget partey;['busettttttt', 'spurs', 'kebobolan', 'rudal', 'gila', 'banget', 'partey'];['busettttttt', 'spurs', 'kebobolan', 'rudal', 'gila', 'banget', 'partey'];busettttttt spurs kebobolan rudal gila banget partey
86;86.0;HEY https://t.co/ZRN26Mm1dl;hey cozrnmmdl;['hey', 'cozrnmmdl'];['hey', 'cozrnmmdl'];hey cozrnmmdl
87;87.0;Kenapa bawa2 Rustu Recber sih ğŸ˜‚ https://t.co/d288ByDvPW;kenapa bawa rustu recber sih codbydvpw;['kenapa', 'bawa', 'rustu', 'recber', 'sih', 'codbydvpw'];['kenapa', 'bawa', 'rustu', 'recber', 'sih', 'codbydvpw'];kenapa bawa rustu recber sih codbydvpw
88;88.0;"Ketika menikah, saya &amp; istri tidak membuat perjanjian pembagian harta. Apa yang mau dibagi hartanya aja kaga ada. ğŸ˜‚";ketika menikah saya amp istri tidak membuat perjanjian pembagian harta apa yang mau dibagi hartanya aja kaga ada;['ketika', 'menikah', 'saya', 'amp', 'istri', 'tidak', 'membuat', 'perjanjian', 'pembagian', 'harta', 'apa', 'yang', 'mau', 'dibagi', 'hartanya', 'aja', 'kaga', 'ada'];['ketika', 'menikah', 'saya', 'amp', 'istri', 'tidak', 'membuat', 'perjanjian', 'pembagian', 'harta', 'apa', 'yang', 'mau', 'dibagi', 'hartanya', 'aja', 'kaga', 'ada'];ketika menikah saya amp istri tidak membuat perjanjian pembagian harta apa yang mau dibagi hartanya aja kaga ada
89;89.0;RT @miund: Good thread. Banyak cari info, calon ibu, cari dokter dan RS yang pro ASI juga ya. Menyusuilah dengan keras kepala âœ¨;miund good thread banyak cari info calon ibu cari dokter dan rs yang pro asi juga ya menyusuilah dengan keras kepala;['miund', 'good', 'thread', 'banyak', 'cari', 'info', 'calon', 'ibu', 'cari', 'dokter', 'dan', 'rs', 'yang', 'pro', 'asi', 'juga', 'ya', 'menyusuilah', 'dengan', 'keras', 'kepala'];['miund', 'good', 'thread', 'banyak', 'cari', 'info', 'calon', 'ibu', 'cari', 'dokter', 'dan', 'rs', 'yang', 'pro', 'asi', 'juga', 'ya', 'menyusuilah', 'dengan', 'keras', 'kepala'];miund good thread banyak cari info calon ibu cari dokter dan rs yang pro asi juga ya menyusuilah dengan keras kepala
90;90.0;@Chrisgcomedy Nasi isnt deep fried, get ur facts right! #twitterbullyingtrainingcourse;chrisgcomedy nasi isnt deep fried get ur facts right;['chrisgcomedy', 'nasi', 'isnt', 'deep', 'fried', 'get', 'ur', 'facts', 'right'];['chrisgcomedy', 'nasi', 'isnt', 'deep', 'fried', 'get', 'ur', 'facts', 'right'];chrisgcomedy nasi isnt deep fried get ur facts right
91;91.0;BOS https://t.co/dlbi16esuO;bos codlbiesuo;['bos', 'codlbiesuo'];['bos', 'codlbiesuo'];bos codlbiesuo
92;92.0;Siapa kira-kira pejabat / capres pertama yang bakal bikin video pake backsound â€œKadang bikin akuuuu kesa!â€ hayo?;siapa kira kira pejabat capres pertama yang bakal bikin video pake backsound kadang bikin akuuuu kesa hayo;['siapa', 'kira', 'kira', 'pejabat', 'capres', 'pertama', 'yang', 'bakal', 'bikin', 'video', 'pake', 'backsound', 'kadang', 'bikin', 'akuuuu', 'kesa', 'hayo'];['siapa', 'kira', 'kira', 'pejabat', 'capres', 'pertama', 'yang', 'bakal', 'bikin', 'video', 'pake', 'backsound', 'kadang', 'bikin', 'akuuuu', 'kesa', 'hayo'];siapa kira kira pejabat capres pertama yang bakal bikin video pake backsound kadang bikin akuuuu kesa hayo
93;93.0;"RT @AdjieSanPutro: Hurry society. Pernah baca istilah yang menggambarkan masyarakat serba tergesa.

Tergesa sukses. Tergesa naik jabatan. Tâ€¦";adjiesanputro hurry society pernah baca istilah yang menggambarkan masyarakat serba tergesa tergesa sukses tergesa naik jabatan;['adjiesanputro', 'hurry', 'society', 'pernah', 'baca', 'istilah', 'yang', 'menggambarkan', 'masyarakat', 'serba', 'tergesa', 'tergesa', 'sukses', 'tergesa', 'naik', 'jabatan'];['adjiesanputro', 'hurry', 'society', 'pernah', 'baca', 'istilah', 'yang', 'menggambarkan', 'masyarakat', 'serba', 'tergesa', 'tergesa', 'sukses', 'tergesa', 'naik', 'jabatan'];adjiesanputro hurry society pernah baca istilah yang menggambarkan masyarakat serba tergesa tergesa sukses tergesa naik jabatan
94;94.0;"RT @bintangbete: selebritis: pamer kemesraan, eh gataunya di belakang ribut-ribut &amp; akhirnya bercerai.

politisi: ribut-ribut, eh gataunyaâ€¦";bintangbete selebritis pamer kemesraan eh gataunya di belakang ribut ribut amp akhirnya bercerai politisi ribut ribut eh gataunya;['bintangbete', 'selebritis', 'pamer', 'kemesraan', 'eh', 'gataunya', 'di', 'belakang', 'ribut', 'ribut', 'amp', 'akhirnya', 'bercerai', 'politisi', 'ribut', 'ribut', 'eh', 'gataunya'];['bintangbete', 'selebritis', 'pamer', 'kemesraan', 'eh', 'gataunya', 'di', 'belakang', 'ribut', 'ribut', 'amp', 'akhirnya', 'bercerai', 'politisi', 'ribut', 'ribut', 'eh', 'gataunya'];bintangbete selebritis pamer kemesraan eh gataunya di belakang ribut ribut amp akhirnya bercerai politisi ribut ribut eh gataunya
95;95.0;WOY. https://t.co/huoQKf86XW;woy cohuoqkf;['woy', 'cohuoqkf'];['woy', 'cohuoqkf'];woy cohuoqkf
96;96.0;@Adriandhy Tante ğŸ˜¢ğŸ˜¢ğŸ˜¢ğŸ˜¢ğŸ˜¢ğŸ˜¢ğŸ˜¢;adriandhy tante;['adriandhy', 'tante'];['adriandhy', 'tante'];adriandhy tante
97;97.0;@pinot @garyvee @veefriends https://t.co/jGXKJnBxLY;pinot garyvee veefriends cojg;['pinot', 'garyvee', 'veefriends', 'cojg'];['pinot', 'garyvee', 'veefriends', 'cojg'];pinot garyvee veefriends cojg
98;98.0;Baru beberapa halaman tapi langsung jatuh cinta sama tulisannya @okkymadasari. Akan jadi perjalanan membaca yang meâ€¦ https://t.co/P1nSlPucEs;baru beberapa halaman tapi langsung jatuh cinta sama tulisannya okkymadasari akan jadi perjalanan membaca yang me copnslpuces;['baru', 'beberapa', 'halaman', 'tapi', 'langsung', 'jatuh', 'cinta', 'sama', 'tulisannya', 'okkymadasari', 'akan', 'jadi', 'perjalanan', 'membaca', 'yang', 'me', 'copnslpuces'];['baru', 'beberapa', 'halaman', 'tapi', 'langsung', 'jatuh', 'cinta', 'sama', 'tulisannya', 'okkymadasari', 'akan', 'jadi', 'perjalanan', 'membaca', 'yang', 'me', 'copnslpuces'];baru beberapa halaman tapi langsung jatuh cinta sama tulisannya okkymadasari akan jadi perjalanan membaca yang me copnslpuces
99;99.0;RT @BiLLYKHAERUDIN: Sebulan lalu Menko PMK bilang 3 thn terakhir ada penurunan persentase bayi yang dapat ASI eksklusif. Pernyataan Menko Pâ€¦;billykhaerudin sebulan lalu menko pmk bilang   thn terakhir ada penurunan persentase bayi yang dapat asi eksklusif pernyataan menko;['billykhaerudin', 'sebulan', 'lalu', 'menko', 'pmk', 'bilang', 'thn', 'terakhir', 'ada', 'penurunan', 'persentase', 'bayi', 'yang', 'dapat', 'asi', 'eksklusif', 'pernyataan', 'menko'];['billykhaerudin', 'sebulan', 'lalu', 'menko', 'pmk', 'bilang', 'thn', 'terakhir', 'ada', 'penurunan', 'persentase', 'bayi', 'yang', 'dapat', 'asi', 'eksklusif', 'pernyataan', 'menko'];billykhaerudin sebulan lalu menko pmk bilang thn terakhir ada penurunan persentase bayi yang dapat asi eksklusif pernyataan menko
100;100.0;This Pinot recovery journey is just so awesome. ğŸ«¡ğŸ«¡ğŸ«¡ğŸ«¡ğŸ«¡ğŸ«¡ğŸ«¡ğŸ«¡ğŸ«¡ğŸ«¡ğŸ«¡ğŸ«¡ğŸ«¡ğŸ«¡ğŸ«¡ğŸ«¡ğŸ«¡ğŸ«¡ğŸ«¡ğŸ«¡ğŸ«¡ğŸ«¡ğŸ«¡;this pinot recovery journey is just so awesome;['this', 'pinot', 'recovery', 'journey', 'is', 'just', 'so', 'awesome'];['this', 'pinot', 'recovery', 'journey', 'is', 'just', 'so', 'awesome'];this pinot recovery journey is just so awesome
102;102.0;RT @hariankompas: Tim #InvestigasiKompas menemukan fakta dugaan pelanggaran pemasaran susu formula bayi 0-6 bulan yang melibatkan agen pemaâ€¦;hariankompas tim menemukan fakta dugaan pelanggaran pemasaran susu formula bayi     bulan yang melibatkan agen pema;['hariankompas', 'tim', 'menemukan', 'fakta', 'dugaan', 'pelanggaran', 'pemasaran', 'susu', 'formula', 'bayi', 'bulan', 'yang', 'melibatkan', 'agen', 'pema'];['hariankompas', 'tim', 'menemukan', 'fakta', 'dugaan', 'pelanggaran', 'pemasaran', 'susu', 'formula', 'bayi', 'bulan', 'yang', 'melibatkan', 'agen', 'pema'];hariankompas tim menemukan fakta dugaan pelanggaran pemasaran susu formula bayi bulan yang melibatkan agen pema
103;103.0;@sinekdoks @EAFIFADirect YES!!!! And fave/starred obj, too.;sinekdoks eafifadirect yes and favestarred obj too;['sinekdoks', 'eafifadirect', 'yes', 'and', 'favestarred', 'obj', 'too'];['sinekdoks', 'eafifadirect', 'yes', 'and', 'favestarred', 'obj', 'too'];sinekdoks eafifadirect yes and favestarred obj too
104;104.0;"RT @bicaraboxoffice: Hingga hari ini, penonton film Indonesia rilis tahun 2022 telah menembus angka 44 juta.
Dengan adanya beberapa film beâ€¦";bicarabo hingga hari ini penonton film indonesia rilis tahun   telah menembus angka   juta dengan adanya beberapa film be;['bicarabo', 'hingga', 'hari', 'ini', 'penonton', 'film', 'indonesia', 'rilis', 'tahun', 'telah', 'menembus', 'angka', 'juta', 'dengan', 'adanya', 'beberapa', 'film', 'be'];['bicarabo', 'hingga', 'hari', 'ini', 'penonton', 'film', 'indonesia', 'rilis', 'tahun', 'telah', 'menembus', 'angka', 'juta', 'dengan', 'adanya', 'beberapa', 'film', 'be'];bicarabo hingga hari ini penonton film indonesia rilis tahun telah menembus angka juta dengan adanya beberapa film be
105;105.0;SICK! ğŸ˜­ğŸ˜­ğŸ˜­ğŸ˜­ğŸ˜­ https://t.co/vtxq9KCFp9;sick covt;['sick', 'covt'];['sick', 'covt'];sick covt
106;106.0;Wih. Menu gw beda sih. https://t.co/7f0Fz76NOs https://t.co/JUQAzZvQwu;wih menu gw beda sih coffznos cojuqazzvqwu;['wih', 'menu', 'gw', 'beda', 'sih', 'coffznos', 'cojuqazzvqwu'];['wih', 'menu', 'gw', 'beda', 'sih', 'coffznos', 'cojuqazzvqwu'];wih menu gw beda sih coffznos cojuqazzvqwu
107;107.0;Marah ya marah aja gausah ngomong jorok dong?! https://t.co/BpemgK9VJt;marah ya marah aja gausah ngomong jorok dong cobpemgkvjt;['marah', 'ya', 'marah', 'aja', 'gausah', 'ngomong', 'jorok', 'dong', 'cobpemgkvjt'];['marah', 'ya', 'marah', 'aja', 'gausah', 'ngomong', 'jorok', 'dong', 'cobpemgkvjt'];marah ya marah aja gausah ngomong jorok dong cobpemgkvjt
108;108.0;Terimakasih penonton film Indonesia! â¤ï¸ https://t.co/NRgKSeRiUF;terimakasih penonton film indonesia conrgkseriuf;['terimakasih', 'penonton', 'film', 'indonesia', 'conrgkseriuf'];['terimakasih', 'penonton', 'film', 'indonesia', 'conrgkseriuf'];terimakasih penonton film indonesia conrgkseriuf
109;109.0;"RT @jill_bobby: Pria umur 34 tahun pacaran dengan anak umur 14 tahun karena â€œLebih mudah diatur. Mudah diedukasi, mudah diajarin.â€

Maksudnâ€¦";jill_bobby pria umur   tahun pacaran dengan anak umur   tahun karena lebih mudah diatur mudah diedukasi mudah diajarin maksudn;['jill_bobby', 'pria', 'umur', 'tahun', 'pacaran', 'dengan', 'anak', 'umur', 'tahun', 'karena', 'lebih', 'mudah', 'diatur', 'mudah', 'diedukasi', 'mudah', 'diajarin', 'maksudn'];['jill_bobby', 'pria', 'umur', 'tahun', 'pacaran', 'dengan', 'anak', 'umur', 'tahun', 'karena', 'lebih', 'mudah', 'diatur', 'mudah', 'diedukasi', 'mudah', 'diajarin', 'maksudn'];jill_bobby pria umur tahun pacaran dengan anak umur tahun karena lebih mudah diatur mudah diedukasi mudah diajarin maksudn
110;110.0;INI HOROR APA ACTION YA GILA KEREN AMATTT!!!!!! ğŸ”¥ğŸ”¥ğŸ”¥ğŸ”¥ğŸ”¥ğŸ”¥ğŸ”¥ğŸ”¥ğŸ”¥ğŸ”¥ğŸ”¥ğŸ”¥ https://t.co/lGYzj8eRwM;ini horor apa action ya gila keren amattt colgyzjerwm;['ini', 'horor', 'apa', 'action', 'ya', 'gila', 'keren', 'amattt', 'colgyzjerwm'];['ini', 'horor', 'apa', 'action', 'ya', 'gila', 'keren', 'amattt', 'colgyzjerwm'];ini horor apa action ya gila keren amattt colgyzjerwm
111;111.0;@ariwidyaputra Gpp si klo semua begitu.. masalahnya banyak yg udah terima ğŸ¥²;ariwidyaputra gpp si klo semua begitu masalahnya banyak yg udah terima;['ariwidyaputra', 'gpp', 'si', 'klo', 'semua', 'begitu', 'masalahnya', 'banyak', 'yg', 'udah', 'terima'];['ariwidyaputra', 'gpp', 'si', 'klo', 'semua', 'begitu', 'masalahnya', 'banyak', 'yg', 'udah', 'terima'];ariwidyaputra gpp si klo semua begitu masalahnya banyak yg udah terima
112;112.0;@gigihadiguna Lancar2 maseeeeww;gigihadiguna lancar maseeeeww;['gigihadiguna', 'lancar', 'maseeeeww'];['gigihadiguna', 'lancar', 'maseeeeww'];gigihadiguna lancar maseeeeww
113;113.0;@ariwidyaputra Udah, udah main rivals segala.;ariwidyaputra udah udah main rivals segala;['ariwidyaputra', 'udah', 'udah', 'main', 'rivals', 'segala'];['ariwidyaputra', 'udah', 'udah', 'main', 'rivals', 'segala'];ariwidyaputra udah udah main rivals segala
114;114.0;BCA adalah mantap âœ¨ https://t.co/4crBSrsWYK;bca adalah mantap cocrbsrswyk;['bca', 'adalah', 'mantap', 'cocrbsrswyk'];['bca', 'adalah', 'mantap', 'cocrbsrswyk'];bca adalah mantap cocrbsrswyk
115;115.0;Yang PO FIFA23 Ultimate Edition, FIFA Points nya pada masuk ga? Kok di gw ga muncul ya?;yang po fifa ultimate edition fifa points nya pada masuk ga kok di gw ga muncul ya;['yang', 'po', 'fifa', 'ultimate', 'edition', 'fifa', 'points', 'nya', 'pada', 'masuk', 'ga', 'kok', 'di', 'gw', 'ga', 'muncul', 'ya'];['yang', 'po', 'fifa', 'ultimate', 'edition', 'fifa', 'points', 'nya', 'pada', 'masuk', 'ga', 'kok', 'di', 'gw', 'ga', 'muncul', 'ya'];yang po fifa ultimate edition fifa points nya pada masuk ga kok di gw ga muncul ya
116;116.0;YA AMPONNNNNNNğŸ˜ğŸ˜ğŸ˜ğŸ˜ğŸ˜ğŸ˜ğŸ˜ğŸ˜ğŸ˜ğŸ˜ğŸ˜ https://t.co/ndevfoH8qD;ya amponnnnnnn condevfohqd;['ya', 'amponnnnnnn', 'condevfohqd'];['ya', 'amponnnnnnn', 'condevfohqd'];ya amponnnnnnn condevfohqd
117;117.0;GANGGU BANGET ANJIR https://t.co/37861rocPy;ganggu banget anjir corocpy;['ganggu', 'banget', 'anjir', 'corocpy'];['ganggu', 'banget', 'anjir', 'corocpy'];ganggu banget anjir corocpy
118;118.0;RT @kristoimmanuel: Dubbing kok kartun, ikan dong https://t.co/z2OvHASr40;kristoimmanuel dubbing kok kartun ikan dong cozovhasr;['kristoimmanuel', 'dubbing', 'kok', 'kartun', 'ikan', 'dong', 'cozovhasr'];['kristoimmanuel', 'dubbing', 'kok', 'kartun', 'ikan', 'dong', 'cozovhasr'];kristoimmanuel dubbing kok kartun ikan dong cozovhasr
119;119.0;@Spurs_ID @premierleague â€œSafe to sayâ€ itu term bhs inggris, ga bisa maen diterjemahin gitu min ğŸ˜‚;spurs_id premierleague safe to say itu term bhs inggris ga bisa maen diterjemahin gitu min;['spurs_id', 'premierleague', 'safe', 'to', 'say', 'itu', 'term', 'bhs', 'inggris', 'ga', 'bisa', 'maen', 'diterjemahin', 'gitu', 'min'];['spurs_id', 'premierleague', 'safe', 'to', 'say', 'itu', 'term', 'bhs', 'inggris', 'ga', 'bisa', 'maen', 'diterjemahin', 'gitu', 'min'];spurs_id premierleague safe to say itu term bhs inggris ga bisa maen diterjemahin gitu min
120;120.0;@jafar_ace Ya starter squad seadanya.. semua koin gw invest ke kimpembe+maignan, sisanya ya ala kadar :));jafar_ace ya starter squad seadanya semua koin gw invest ke kimpembemaignan sisanya ya ala kadar;['jafar_ace', 'ya', 'starter', 'squad', 'seadanya', 'semua', 'koin', 'gw', 'invest', 'ke', 'kimpembemaignan', 'sisanya', 'ya', 'ala', 'kadar'];['jafar_ace', 'ya', 'starter', 'squad', 'seadanya', 'semua', 'koin', 'gw', 'invest', 'ke', 'kimpembemaignan', 'sisanya', 'ya', 'ala', 'kadar'];jafar_ace ya starter squad seadanya semua koin gw invest ke kimpembemaignan sisanya ya ala kadar
121;121.0;@nc_andrean RTG broooooo;nc_andrean broooooo;['nc_andrean', 'broooooo'];['nc_andrean', 'broooooo'];nc_andrean broooooo
122;122.0;TONIGHT! Happy FIFA23 Day! https://t.co/00zPyzSkec;tonight happy fifa day cozpyzskec;['tonight', 'happy', 'fifa', 'day', 'cozpyzskec'];['tonight', 'happy', 'fifa', 'day', 'cozpyzskec'];tonight happy fifa day cozpyzskec
123;123.0;RT @sdenta: Tidak. Kebanyakan gula justru bikin sulit ereksi. Gula darah yg terlalu tinggi bisa merusak saraf/pembuluh darah sekitar penis.â€¦;sdenta tidak kebanyakan gula justru bikin sulit ereksi gula darah yg terlalu tinggi bisa merusak sarafpembuluh darah sekitar penis;['sdenta', 'tidak', 'kebanyakan', 'gula', 'justru', 'bikin', 'sulit', 'ereksi', 'gula', 'darah', 'yg', 'terlalu', 'tinggi', 'bisa', 'merusak', 'sarafpembuluh', 'darah', 'sekitar', 'penis'];['sdenta', 'tidak', 'kebanyakan', 'gula', 'justru', 'bikin', 'sulit', 'ereksi', 'gula', 'darah', 'yg', 'terlalu', 'tinggi', 'bisa', 'merusak', 'sarafpembuluh', 'darah', 'sekitar', 'penis'];sdenta tidak kebanyakan gula justru bikin sulit ereksi gula darah yg terlalu tinggi bisa merusak sarafpembuluh darah sekitar penis
124;124.0;"Kontrasepsi harusnya sih jangan dimiskonsepsi, tapi dieksekusi.

Anak muda kudu makin pinter lahh. Yuk ah kita saliâ€¦ https://t.co/IWk3T0xL0r";kontrasepsi harusnya sih jangan dimiskonsepsi tapi dieksekusi anak muda kudu makin pinter lahh yuk ah kita sali coiwkt;['kontrasepsi', 'harusnya', 'sih', 'jangan', 'dimiskonsepsi', 'tapi', 'dieksekusi', 'anak', 'muda', 'kudu', 'makin', 'pinter', 'lahh', 'yuk', 'ah', 'kita', 'sali', 'coiwkt'];['kontrasepsi', 'harusnya', 'sih', 'jangan', 'dimiskonsepsi', 'tapi', 'dieksekusi', 'anak', 'muda', 'kudu', 'makin', 'pinter', 'lahh', 'yuk', 'ah', 'kita', 'sali', 'coiwkt'];kontrasepsi harusnya sih jangan dimiskonsepsi tapi dieksekusi anak muda kudu makin pinter lahh yuk ah kita sali coiwkt
125;125.0;Mindblowing: Menurut WHO, 37,5% kehamilan di Indonesia adalah kehamilan yg tidak direncanakan. Gokil ya, lebih dariâ€¦ https://t.co/BfUfOAXL5x;mindblowing menurut who     kehamilan di indonesia adalah kehamilan yg tidak direncanakan gokil ya lebih dari cobfufoa;['mindblowing', 'menurut', 'who', 'kehamilan', 'di', 'indonesia', 'adalah', 'kehamilan', 'yg', 'tidak', 'direncanakan', 'gokil', 'ya', 'lebih', 'dari', 'cobfufoa'];['mindblowing', 'menurut', 'who', 'kehamilan', 'di', 'indonesia', 'adalah', 'kehamilan', 'yg', 'tidak', 'direncanakan', 'gokil', 'ya', 'lebih', 'dari', 'cobfufoa'];mindblowing menurut who kehamilan di indonesia adalah kehamilan yg tidak direncanakan gokil ya lebih dari cobfufoa
126;126.0;Kenapa ya, di Indonesia ini setiap ada pembagian kondom itu langsung jadi ribut. Padahal selain kehamilan, itu bisaâ€¦ https://t.co/lP5RPFiIaI;kenapa ya di indonesia ini setiap ada pembagian kondom itu langsung jadi ribut padahal selain kehamilan itu bisa colprpfiiai;['kenapa', 'ya', 'di', 'indonesia', 'ini', 'setiap', 'ada', 'pembagian', 'kondom', 'itu', 'langsung', 'jadi', 'ribut', 'padahal', 'selain', 'kehamilan', 'itu', 'bisa', 'colprpfiiai'];['kenapa', 'ya', 'di', 'indonesia', 'ini', 'setiap', 'ada', 'pembagian', 'kondom', 'itu', 'langsung', 'jadi', 'ribut', 'padahal', 'selain', 'kehamilan', 'itu', 'bisa', 'colprpfiiai'];kenapa ya di indonesia ini setiap ada pembagian kondom itu langsung jadi ribut padahal selain kehamilan itu bisa colprpfiiai
127;127.0;Foto ini semakin menegaskan, seberapa berjaraknya mereka dengan rakyat. Pura-pura merakyat aja gagal total. https://t.co/XA0s89lk4R;foto ini semakin menegaskan seberapa berjaraknya mereka dengan rakyat pura pura merakyat aja gagal total co;['foto', 'ini', 'semakin', 'menegaskan', 'seberapa', 'berjaraknya', 'mereka', 'dengan', 'rakyat', 'pura', 'pura', 'merakyat', 'aja', 'gagal', 'total', 'co'];['foto', 'ini', 'semakin', 'menegaskan', 'seberapa', 'berjaraknya', 'mereka', 'dengan', 'rakyat', 'pura', 'pura', 'merakyat', 'aja', 'gagal', 'total', 'co'];foto ini semakin menegaskan seberapa berjaraknya mereka dengan rakyat pura pura merakyat aja gagal total co
128;128.0;"RT @gizipedia_id: Apakah industri Minuman Berpemanis Dalam Kemasan (MBDK) adalah 'kejahatan'?

Sebuah utas ilmiah.
Ditulis oleh registeredâ€¦";gizipedia_id apakah industri minuman berpemanis dalam kemasan mbdk adalah kejahatan sebuah utas ilmiah ditulis oleh registered;['gizipedia_id', 'apakah', 'industri', 'minuman', 'berpemanis', 'dalam', 'kemasan', 'mbdk', 'adalah', 'kejahatan', 'sebuah', 'utas', 'ilmiah', 'ditulis', 'oleh', 'registered'];['gizipedia_id', 'apakah', 'industri', 'minuman', 'berpemanis', 'dalam', 'kemasan', 'mbdk', 'adalah', 'kejahatan', 'sebuah', 'utas', 'ilmiah', 'ditulis', 'oleh', 'registered'];gizipedia_id apakah industri minuman berpemanis dalam kemasan mbdk adalah kejahatan sebuah utas ilmiah ditulis oleh registered
129;129.0;Rakyat Rusia mulai berani melawan. Tanda-tanda berakhirnya era Putin? https://t.co/kzeZEAjqOg;rakyat rusia mulai berani melawan tanda tanda berakhirnya era putin cokzezeajqog;['rakyat', 'rusia', 'mulai', 'berani', 'melawan', 'tanda', 'tanda', 'berakhirnya', 'era', 'putin', 'cokzezeajqog'];['rakyat', 'rusia', 'mulai', 'berani', 'melawan', 'tanda', 'tanda', 'berakhirnya', 'era', 'putin', 'cokzezeajqog'];rakyat rusia mulai berani melawan tanda tanda berakhirnya era putin cokzezeajqog
130;130.0;@hafilova Seeep.. ID gw ada 3 tp yg mana ya yg terakhir ğŸ˜‚;hafilova seeep id gw ada   tp yg mana ya yg terakhir;['hafilova', 'seeep', 'id', 'gw', 'ada', 'tp', 'yg', 'mana', 'ya', 'yg', 'terakhir'];['hafilova', 'seeep', 'id', 'gw', 'ada', 'tp', 'yg', 'mana', 'ya', 'yg', 'terakhir'];hafilova seeep id gw ada tp yg mana ya yg terakhir
131;131.0;@hafilova Besok malem 00:00wib barti ya?;hafilova besok malem     wib barti ya;['hafilova', 'besok', 'malem', 'wib', 'barti', 'ya'];['hafilova', 'besok', 'malem', 'wib', 'barti', 'ya'];hafilova besok malem wib barti ya
132;132.0;Kasus Esteh jadi momentum bagus untuk membahas urgensi regulasi minuman manis. Gula itu bahaya bro.;kasus esteh jadi momentum bagus untuk membahas urgensi regulasi minuman manis gula itu bahaya bro;['kasus', 'esteh', 'jadi', 'momentum', 'bagus', 'untuk', 'membahas', 'urgensi', 'regulasi', 'minuman', 'manis', 'gula', 'itu', 'bahaya', 'bro'];['kasus', 'esteh', 'jadi', 'momentum', 'bagus', 'untuk', 'membahas', 'urgensi', 'regulasi', 'minuman', 'manis', 'gula', 'itu', 'bahaya', 'bro'];kasus esteh jadi momentum bagus untuk membahas urgensi regulasi minuman manis gula itu bahaya bro
133;133.0;"Abis nonton Drama Ratu Drama episode perdana, kesan gw ada 2:

1) Kesel sama @acotenri karna gw pengen ajak Enzy daâ€¦ https://t.co/YgW9Q2Z2Xm";abis nonton drama ratu drama episode perdana kesan gw ada     kesel sama acotenri karna gw pengen ajak enzy da coygwqz;['abis', 'nonton', 'drama', 'ratu', 'drama', 'episode', 'perdana', 'kesan', 'gw', 'ada', 'kesel', 'sama', 'acotenri', 'karna', 'gw', 'pengen', 'ajak', 'enzy', 'da', 'coygwqz'];['abis', 'nonton', 'drama', 'ratu', 'drama', 'episode', 'perdana', 'kesan', 'gw', 'ada', 'kesel', 'sama', 'acotenri', 'karna', 'gw', 'pengen', 'ajak', 'enzy', 'da', 'coygwqz'];abis nonton drama ratu drama episode perdana kesan gw ada kesel sama acotenri karna gw pengen ajak enzy da coygwqz
135;135.0;NAH LU ğŸ˜‚ğŸ˜‚ğŸ˜‚ğŸ˜‚ğŸ˜‚ğŸ˜‚ https://t.co/OqjhWcdN4k;nah lu cooqjhwcdnk;['nah', 'lu', 'cooqjhwcdnk'];['nah', 'lu', 'cooqjhwcdnk'];nah lu cooqjhwcdnk
136;136.0;RT @kopiganja: Hai @BPOM_RI, mungkin sudah saatnya mewajibkan penjaja minuman dan makanan berkadar gula tinggi memasang label peringatan beâ€¦;kopiganja hai bpom_ri mungkin sudah saatnya mewajibkan penjaja minuman dan makanan berkadar gula tinggi memasang label peringatan be;['kopiganja', 'hai', 'bpom_ri', 'mungkin', 'sudah', 'saatnya', 'mewajibkan', 'penjaja', 'minuman', 'dan', 'makanan', 'berkadar', 'gula', 'tinggi', 'memasang', 'label', 'peringatan', 'be'];['kopiganja', 'hai', 'bpom_ri', 'mungkin', 'sudah', 'saatnya', 'mewajibkan', 'penjaja', 'minuman', 'dan', 'makanan', 'berkadar', 'gula', 'tinggi', 'memasang', 'label', 'peringatan', 'be'];kopiganja hai bpom_ri mungkin sudah saatnya mewajibkan penjaja minuman dan makanan berkadar gula tinggi memasang label peringatan be
137;137.0;RT @indraturner_: Wah ternyata takaran gulanya gak seberapa dibanding takaran ketersinggungannya yaa.;indraturner_ wah ternyata takaran gulanya gak seberapa dibanding takaran ketersinggungannya yaa;['indraturner_', 'wah', 'ternyata', 'takaran', 'gulanya', 'gak', 'seberapa', 'dibanding', 'takaran', 'ketersinggungannya', 'yaa'];['indraturner_', 'wah', 'ternyata', 'takaran', 'gulanya', 'gak', 'seberapa', 'dibanding', 'takaran', 'ketersinggungannya', 'yaa'];indraturner_ wah ternyata takaran gulanya gak seberapa dibanding takaran ketersinggungannya yaa
138;138.0;IDIH KATRO https://t.co/C2iojZHXT8;idih katro cociojzh;['idih', 'katro', 'cociojzh'];['idih', 'katro', 'cociojzh'];idih katro cociojzh
139;139.0;Sok gagah bener gini doang bawa2 tim legal.. ğŸ˜‚ğŸ˜‚ğŸ˜‚ğŸ˜‚ğŸ˜‚ https://t.co/OY0ueKaMkl;sok gagah bener gini doang bawa tim legal cooyuekamkl;['sok', 'gagah', 'bener', 'gini', 'doang', 'bawa', 'tim', 'legal', 'cooyuekamkl'];['sok', 'gagah', 'bener', 'gini', 'doang', 'bawa', 'tim', 'legal', 'cooyuekamkl'];sok gagah bener gini doang bawa tim legal cooyuekamkl
140;140.0;"RT @LeenaManimekali: This picture of chopped hair hoisted as a flag will be the photograph of this century.

#IranProtests2022 https://t.coâ€¦";leenamanimekali this picture of chopped hair hoisted as flag will be the photograph of this century co;['leenamanimekali', 'this', 'picture', 'of', 'chopped', 'hair', 'hoisted', 'as', 'flag', 'will', 'be', 'the', 'photograph', 'of', 'this', 'century', 'co'];['leenamanimekali', 'this', 'picture', 'of', 'chopped', 'hair', 'hoisted', 'as', 'flag', 'will', 'be', 'the', 'photograph', 'of', 'this', 'century', 'co'];leenamanimekali this picture of chopped hair hoisted as flag will be the photograph of this century co
141;141.0;RT @AlinejadMasih: If you want to know how #MahsaAmini was killed, watch this video of morality police which Iranians use their cameras toâ€¦;alinejadmasih if you want to know how was killed watch this video of morality police which iranians use their cameras to;['alinejadmasih', 'if', 'you', 'want', 'to', 'know', 'how', 'was', 'killed', 'watch', 'this', 'video', 'of', 'morality', 'police', 'which', 'iranians', 'use', 'their', 'cameras', 'to'];['alinejadmasih', 'if', 'you', 'want', 'to', 'know', 'how', 'was', 'killed', 'watch', 'this', 'video', 'of', 'morality', 'police', 'which', 'iranians', 'use', 'their', 'cameras', 'to'];alinejadmasih if you want to know how was killed watch this video of morality police which iranians use their cameras to
142;142.0;"RT @dr_koko28: Para wanita harus tahu ini.

Semakin banyak mereka mengkonsumsi minuman manis, semakin besar risiko mereka mengalami PCOS. Bâ€¦";dr_koko para wanita harus tahu ini semakin banyak mereka mengkonsumsi minuman manis semakin besar risiko mereka mengalami pcos;['dr_koko', 'para', 'wanita', 'harus', 'tahu', 'ini', 'semakin', 'banyak', 'mereka', 'mengkonsumsi', 'minuman', 'manis', 'semakin', 'besar', 'risiko', 'mereka', 'mengalami', 'pcos'];['dr_koko', 'para', 'wanita', 'harus', 'tahu', 'ini', 'semakin', 'banyak', 'mereka', 'mengkonsumsi', 'minuman', 'manis', 'semakin', 'besar', 'risiko', 'mereka', 'mengalami', 'pcos'];dr_koko para wanita harus tahu ini semakin banyak mereka mengkonsumsi minuman manis semakin besar risiko mereka mengalami pcos
143;143.0;Pantesan. Kirain lucu2an doang, ternyata very personal. Goks. https://t.co/b7PPToQTEV;pantesan kirain lucuan doang ternyata very personal goks cobpptoqtev;['pantesan', 'kirain', 'lucuan', 'doang', 'ternyata', 'very', 'personal', 'goks', 'cobpptoqtev'];['pantesan', 'kirain', 'lucuan', 'doang', 'ternyata', 'very', 'personal', 'goks', 'cobpptoqtev'];pantesan kirain lucuan doang ternyata very personal goks cobpptoqtev
144;144.0;@okkymadasari Okaiii thx ya :);okkymadasari okaiii thx ya;['okkymadasari', 'okaiii', 'thx', 'ya'];['okkymadasari', 'okaiii', 'thx', 'ya'];okkymadasari okaiii thx ya
145;145.0;@okkymadasari Kak aku pengen pesan satu set tapi klo onlen suka takut banyak bajakan, rekomen pesan di onlen shop mana? Thank u ğŸ™;okkymadasari kak aku pengen pesan satu set tapi klo onlen suka takut banyak bajakan rekomen pesan di onlen shop mana thank;['okkymadasari', 'kak', 'aku', 'pengen', 'pesan', 'satu', 'set', 'tapi', 'klo', 'onlen', 'suka', 'takut', 'banyak', 'bajakan', 'rekomen', 'pesan', 'di', 'onlen', 'shop', 'mana', 'thank'];['okkymadasari', 'kak', 'aku', 'pengen', 'pesan', 'satu', 'set', 'tapi', 'klo', 'onlen', 'suka', 'takut', 'banyak', 'bajakan', 'rekomen', 'pesan', 'di', 'onlen', 'shop', 'mana', 'thank'];okkymadasari kak aku pengen pesan satu set tapi klo onlen suka takut banyak bajakan rekomen pesan di onlen shop mana thank
146;146.0;RT @ArditErwandha: Masih kuat jadi orang gak enakan? https://t.co/4xI9SBu4UV;arditerwandha masih kuat jadi orang gak enakan co;['arditerwandha', 'masih', 'kuat', 'jadi', 'orang', 'gak', 'enakan', 'co'];['arditerwandha', 'masih', 'kuat', 'jadi', 'orang', 'gak', 'enakan', 'co'];arditerwandha masih kuat jadi orang gak enakan co
147;147.0;@ikanatassa ALL THE BEST! ğŸ”¥ğŸ”¥ğŸ”¥ğŸ”¥ğŸ”¥ğŸ”¥;ikanatassa all the best;['ikanatassa', 'all', 'the', 'best'];['ikanatassa', 'all', 'the', 'best'];ikanatassa all the best
149;149.0;JENIUSSSSS âœ¨ https://t.co/toC70H9dMg;jeniusssss cotochdmg;['jeniusssss', 'cotochdmg'];['jeniusssss', 'cotochdmg'];jeniusssss cotochdmg
150;150.0;Awal yang indah di FUT23 ğŸ˜™ https://t.co/gf57QSAT63;awal yang indah di fut cogfqsat;['awal', 'yang', 'indah', 'di', 'fut', 'cogfqsat'];['awal', 'yang', 'indah', 'di', 'fut', 'cogfqsat'];awal yang indah di fut cogfqsat
151;151.0;Tumben bener ğŸ‘ https://t.co/6nEIrVrAxO;tumben bener coneirvra;['tumben', 'bener', 'coneirvra'];['tumben', 'bener', 'coneirvra'];tumben bener coneirvra
152;152.0;@bicaraboxoffice Wih;bicarabo wih;['bicarabo', 'wih'];['bicarabo', 'wih'];bicarabo wih
153;153.0;"RT @NetflixID: Pengumuman!

Film garapan sutradara @bene_dion yang siap mewakili Indonesia untuk bersaing di Piala Oscar 2023.... NGERI-NGEâ€¦";netfli pengumuman film garapan sutradara bene_dion yang siap mewakili indonesia untuk bersaing di piala oscar   ngeri nge;['netfli', 'pengumuman', 'film', 'garapan', 'sutradara', 'bene_dion', 'yang', 'siap', 'mewakili', 'indonesia', 'untuk', 'bersaing', 'di', 'piala', 'oscar', 'ngeri', 'nge'];['netfli', 'pengumuman', 'film', 'garapan', 'sutradara', 'bene_dion', 'yang', 'siap', 'mewakili', 'indonesia', 'untuk', 'bersaing', 'di', 'piala', 'oscar', 'ngeri', 'nge'];netfli pengumuman film garapan sutradara bene_dion yang siap mewakili indonesia untuk bersaing di piala oscar ngeri nge
154;154.0;"RT @VisinemaID: Jangan nonton bajakan ya, teman-teman. Jangan pernah. 
#MencuriRadenSaleh https://t.co/Z0T0putlRY";visinemaid jangan nonton bajakan ya teman teman jangan pernah coztputlry;['visinemaid', 'jangan', 'nonton', 'bajakan', 'ya', 'teman', 'teman', 'jangan', 'pernah', 'coztputlry'];['visinemaid', 'jangan', 'nonton', 'bajakan', 'ya', 'teman', 'teman', 'jangan', 'pernah', 'coztputlry'];visinemaid jangan nonton bajakan ya teman teman jangan pernah coztputlry
155;155.0;"RT @kurawa: Rp. 560 M  = Sin$ 55 juta.
Mainnya di Marina Bay Sand Casino, paling suka di lantai bawah yg free smoking. 

Kemungkinan kekalaâ€¦";kurawa rp   sin   juta mainnya di marina bay sand casino paling suka di lantai bawah yg free smoking kemungkinan kekala;['kurawa', 'rp', 'sin', 'juta', 'mainnya', 'di', 'marina', 'bay', 'sand', 'casino', 'paling', 'suka', 'di', 'lantai', 'bawah', 'yg', 'free', 'smoking', 'kemungkinan', 'kekala'];['kurawa', 'rp', 'sin', 'juta', 'mainnya', 'di', 'marina', 'bay', 'sand', 'casino', 'paling', 'suka', 'di', 'lantai', 'bawah', 'yg', 'free', 'smoking', 'kemungkinan', 'kekala'];kurawa rp sin juta mainnya di marina bay sand casino paling suka di lantai bawah yg free smoking kemungkinan kekala
156;156.0;"Yang nunggu FUT23 bisa pantengin link ini, live update

Fifa 23 Web App Is Finally Here!! - Show Me Your Starter Teâ€¦ https://t.co/gbxSKSjQY0";yang nunggu fut bisa pantengin link ini live update fifa   web app is finally here show me your starter te cogb;['yang', 'nunggu', 'fut', 'bisa', 'pantengin', 'link', 'ini', 'live', 'update', 'fifa', 'web', 'app', 'is', 'finally', 'here', 'show', 'me', 'your', 'starter', 'te', 'cogb'];['yang', 'nunggu', 'fut', 'bisa', 'pantengin', 'link', 'ini', 'live', 'update', 'fifa', 'web', 'app', 'is', 'finally', 'here', 'show', 'me', 'your', 'starter', 'te', 'cogb'];yang nunggu fut bisa pantengin link ini live update fifa web app is finally here show me your starter te cogb
157;157.0;@danieldeem Iye. Jam 1 kayanya nih.;danieldeem iye jam   kayanya nih;['danieldeem', 'iye', 'jam', 'kayanya', 'nih'];['danieldeem', 'iye', 'jam', 'kayanya', 'nih'];danieldeem iye jam kayanya nih
158;158.0;Kebiasaan elu mah @EASPORTS https://t.co/UiDjdtfps4;kebiasaan elu mah easpo couidjdtfps;['kebiasaan', 'elu', 'mah', 'easpo', 'couidjdtfps'];['kebiasaan', 'elu', 'mah', 'easpo', 'couidjdtfps'];kebiasaan elu mah easpo couidjdtfps
159;159.0;Parah FUT23 pemain2 Belanda banyak banget yg OP ğŸ”¥ https://t.co/5XYCBQPjt7;parah fut pemain belanda banyak banget yg op co;['parah', 'fut', 'pemain', 'belanda', 'banyak', 'banget', 'yg', 'op', 'co'];['parah', 'fut', 'pemain', 'belanda', 'banyak', 'banget', 'yg', 'op', 'co'];parah fut pemain belanda banyak banget yg op co
160;160.0;"RT @Standupindo: Terima kasih untuk Komika yang telah tampil, Panitia yang handal serta Penonton yang kami sayangi.

Kebayang terus serunyaâ€¦";standupindo terima kasih untuk komika yang telah tampil panitia yang handal serta penonton yang kami sayangi kebayang terus serunya;['standupindo', 'terima', 'kasih', 'untuk', 'komika', 'yang', 'telah', 'tampil', 'panitia', 'yang', 'handal', 'serta', 'penonton', 'yang', 'kami', 'sayangi', 'kebayang', 'terus', 'serunya'];['standupindo', 'terima', 'kasih', 'untuk', 'komika', 'yang', 'telah', 'tampil', 'panitia', 'yang', 'handal', 'serta', 'penonton', 'yang', 'kami', 'sayangi', 'kebayang', 'terus', 'serunya'];standupindo terima kasih untuk komika yang telah tampil panitia yang handal serta penonton yang kami sayangi kebayang terus serunya
161;161.0;"RT @JennyJusuf: Penyebab utama orang selingkuh: Karena mau, dan bisa.

Satu-satunya hal yang bisa mencegah seseorang berselingkuh:
Dirinyaâ€¦";jennyjusuf penyebab utama orang selingkuh karena mau dan bisa satu satunya hal yang bisa mencegah seseorang berselingkuh dirinya;['jennyjusuf', 'penyebab', 'utama', 'orang', 'selingkuh', 'karena', 'mau', 'dan', 'bisa', 'satu', 'satunya', 'hal', 'yang', 'bisa', 'mencegah', 'seseorang', 'berselingkuh', 'dirinya'];['jennyjusuf', 'penyebab', 'utama', 'orang', 'selingkuh', 'karena', 'mau', 'dan', 'bisa', 'satu', 'satunya', 'hal', 'yang', 'bisa', 'mencegah', 'seseorang', 'berselingkuh', 'dirinya'];jennyjusuf penyebab utama orang selingkuh karena mau dan bisa satu satunya hal yang bisa mencegah seseorang berselingkuh dirinya
162;162.0;@AlasdairGold @CDEccleshare @TimSpiers ğŸ˜‚ğŸ˜‚ğŸ˜‚ğŸ˜‚ğŸ˜‚ğŸ˜‚ğŸ˜‚ğŸ˜‚ğŸ˜‚;alasdairgold cdeccleshare timspiers;['alasdairgold', 'cdeccleshare', 'timspiers'];['alasdairgold', 'cdeccleshare', 'timspiers'];alasdairgold cdeccleshare timspiers
163;163.0;@alexandermatius Lah curang malah lebih tau ğŸ˜‚;ale lah curang malah lebih tau;['ale', 'lah', 'curang', 'malah', 'lebih', 'tau'];['ale', 'lah', 'curang', 'malah', 'lebih', 'tau'];ale lah curang malah lebih tau
164;164.0;Yah bocor dahâ€¦ https://t.co/k8SLk5KoBL;yah bocor dah cokslkkobl;['yah', 'bocor', 'dah', 'cokslkkobl'];['yah', 'bocor', 'dah', 'cokslkkobl'];yah bocor dah cokslkkobl
165;165.0;@cinemuach @alexandermatius Gonna be EPIC;cinemuach ale gonna be epic;['cinemuach', 'ale', 'gon', 'na', 'be', 'epic'];['cinemuach', 'ale', 'gon', 'na', 'be', 'epic'];cinemuach ale gon na be epic
166;166.0;"@alexandermatius L&amp;S";ale amp;['ale', 'amp'];['ale', 'amp'];ale amp
167;167.0;Abis ngintip trailer film Indonesia yang sungguh WAWWWWWWW!!!!!!!! Tungguin November entar deh ğŸ«£;abis ngintip trailer film indonesia yang sungguh wawwwwwww tungguin november entar deh;['abis', 'ngintip', 'trailer', 'film', 'indonesia', 'yang', 'sungguh', 'wawwwwwww', 'tungguin', 'november', 'entar', 'deh'];['abis', 'ngintip', 'trailer', 'film', 'indonesia', 'yang', 'sungguh', 'wawwwwwww', 'tungguin', 'november', 'entar', 'deh'];abis ngintip trailer film indonesia yang sungguh wawwwwwww tungguin november entar deh
168;168.0;Awwwwwwwwwww ğŸ˜¢ https://t.co/d1uTVHqmN4;awwwwwwwwwww codutvhqmn;['awwwwwwwwwww', 'codutvhqmn'];['awwwwwwwwwww', 'codutvhqmn'];awwwwwwwwwww codutvhqmn
169;169.0;"RT @Shuayb__: TikTok is Destroying a Generation

a thread (based on studies)";shuayb__ tiktok is destroying generation thread based on studies;['shuayb__', 'tiktok', 'is', 'destroying', 'generation', 'thread', 'based', 'on', 'studies'];['shuayb__', 'tiktok', 'is', 'destroying', 'generation', 'thread', 'based', 'on', 'studies'];shuayb__ tiktok is destroying generation thread based on studies
170;170.0;Kalo suami orang gak setia, belum tentu berarti suamimu TERNYATA juga gak setia. Kesetiaan itu harusnya dihargai, bukan dicurigai.;kalo suami orang gak setia belum tentu berarti suamimu ternyata juga gak setia kesetiaan itu harusnya dihargai bukan dicurigai;['kalo', 'suami', 'orang', 'gak', 'setia', 'belum', 'tentu', 'berarti', 'suamimu', 'ternyata', 'juga', 'gak', 'setia', 'kesetiaan', 'itu', 'harusnya', 'dihargai', 'bukan', 'dicurigai'];['kalo', 'suami', 'orang', 'gak', 'setia', 'belum', 'tentu', 'berarti', 'suamimu', 'ternyata', 'juga', 'gak', 'setia', 'kesetiaan', 'itu', 'harusnya', 'dihargai', 'bukan', 'dicurigai'];kalo suami orang gak setia belum tentu berarti suamimu ternyata juga gak setia kesetiaan itu harusnya dihargai bukan dicurigai
171;171.0;@sinekdoks Ps4;sinekdoks ps;['sinekdoks', 'ps'];['sinekdoks', 'ps'];sinekdoks ps
172;172.0;Lagi girang kenapa sih mas https://t.co/e25nYjd9D5;lagi girang kenapa sih mas coenyjdd;['lagi', 'girang', 'kenapa', 'sih', 'mas', 'coenyjdd'];['lagi', 'girang', 'kenapa', 'sih', 'mas', 'coenyjdd'];lagi girang kenapa sih mas coenyjdd
173;173.0;Bagus banget ini. https://t.co/VtHVNGFm6U;bagus banget ini covthvngfmu;['bagus', 'banget', 'ini', 'covthvngfmu'];['bagus', 'banget', 'ini', 'covthvngfmu'];bagus banget ini covthvngfmu
174;174.0;"RT @AndreasSteno: The green transition will make us 100% dependent on China instead of Russia

And China knows.. https://t.co/f8vBKNTYFi";andreassteno the green transition will make us   dependent on china instead of russia and china knows cofvbkntyfi;['andreassteno', 'the', 'green', 'transition', 'will', 'make', 'us', 'dependent', 'on', 'china', 'instead', 'of', 'russia', 'and', 'china', 'knows', 'cofvbkntyfi'];['andreassteno', 'the', 'green', 'transition', 'will', 'make', 'us', 'dependent', 'on', 'china', 'instead', 'of', 'russia', 'and', 'china', 'knows', 'cofvbkntyfi'];andreassteno the green transition will make us dependent on china instead of russia and china knows cofvbkntyfi
175;175.0;@xFebsss Mau kepcer keburu matek app nya bhahahahahaha..;mau kepcer keburu matek app nya bhahahahahaha;['mau', 'kepcer', 'keburu', 'matek', 'app', 'nya', 'bhahahahahaha'];['mau', 'kepcer', 'keburu', 'matek', 'app', 'nya', 'bhahahahahaha'];mau kepcer keburu matek app nya bhahahahahaha
176;176.0;Kalo main FUT23 dan ketemu klub bernama BOCAH TOLIL, itu gw. Tolong dikasih menang aja ya plis. ğŸ¤£;kalo main fut dan ketemu klub bernama bocah tolil itu gw tolong dikasih menang aja ya plis;['kalo', 'main', 'fut', 'dan', 'ketemu', 'klub', 'bernama', 'bocah', 'tolil', 'itu', 'gw', 'tolong', 'dikasih', 'menang', 'aja', 'ya', 'plis'];['kalo', 'main', 'fut', 'dan', 'ketemu', 'klub', 'bernama', 'bocah', 'tolil', 'itu', 'gw', 'tolong', 'dikasih', 'menang', 'aja', 'ya', 'plis'];kalo main fut dan ketemu klub bernama bocah tolil itu gw tolong dikasih menang aja ya plis
177;177.0;Selamat malam para budak EA SPORTS, jangan lupa FIFA23 akan rilis FUT23 Web App lusa! ğŸ¤“;selamat malam para budak ea spo jangan lupa fifa akan rilis fut web app lusa;['selamat', 'malam', 'para', 'budak', 'ea', 'spo', 'jangan', 'lupa', 'fifa', 'akan', 'rilis', 'fut', 'web', 'app', 'lusa'];['selamat', 'malam', 'para', 'budak', 'ea', 'spo', 'jangan', 'lupa', 'fifa', 'akan', 'rilis', 'fut', 'web', 'app', 'lusa'];selamat malam para budak ea spo jangan lupa fifa akan rilis fut web app lusa
178;178.0;Ini trick CGI ga sih?! Mana mungkinnnnnn ğŸ˜±ğŸ˜±ğŸ˜±ğŸ˜±ğŸ˜±ğŸ˜±ğŸ˜±ğŸ˜±ğŸ˜±ğŸ˜±ğŸ˜±ğŸ˜±ğŸ˜±ğŸ˜± https://t.co/kFviNUz1Sd;ini trick cgi ga sih mana mungkinnnnnn cokfvinuzsd;['ini', 'trick', 'cgi', 'ga', 'sih', 'mana', 'mungkinnnnnn', 'cokfvinuzsd'];['ini', 'trick', 'cgi', 'ga', 'sih', 'mana', 'mungkinnnnnn', 'cokfvinuzsd'];ini trick cgi ga sih mana mungkinnnnnn cokfvinuzsd
180;180.0;RT @kristoimmanuel: Social experiment di Singapur ğŸ™ https://t.co/Mh6PEQrZR5;kristoimmanuel social di singapur comhpeqrzr;['kristoimmanuel', 'social', 'di', 'singapur', 'comhpeqrzr'];['kristoimmanuel', 'social', 'di', 'singapur', 'comhpeqrzr'];kristoimmanuel social di singapur comhpeqrzr
181;181.0;"RT @RapiFilm: Testimoni, komentar, dan review bagus Noktah Merah Perkawinan sudah bertebaran. 

Filmnya menyentuh dan bermakna untuk penontâ€¦";rapifilm testimoni komentar dan review bagus noktah merah perkawinan sudah bertebaran filmnya menyentuh dan bermakna untuk penont;['rapifilm', 'testimoni', 'komentar', 'dan', 'review', 'bagus', 'noktah', 'merah', 'perkawinan', 'sudah', 'bertebaran', 'filmnya', 'menyentuh', 'dan', 'bermakna', 'untuk', 'penont'];['rapifilm', 'testimoni', 'komentar', 'dan', 'review', 'bagus', 'noktah', 'merah', 'perkawinan', 'sudah', 'bertebaran', 'filmnya', 'menyentuh', 'dan', 'bermakna', 'untuk', 'penont'];rapifilm testimoni komentar dan review bagus noktah merah perkawinan sudah bertebaran filmnya menyentuh dan bermakna untuk penont
182;182.0;"RT @dinikopi13: Ada yg mau aku mentorin?

Kantorku 5758 Creative Lab, Influencer Marketing Agency yg kerjanya WFA, buka lowongan (lagi) untâ€¦";dinikopi ada yg mau aku mentorin kantorku   creative lab influencer marketing agency yg kerjanya wfa buka lowongan lagi unt;['dinikopi', 'ada', 'yg', 'mau', 'aku', 'mentorin', 'kantorku', 'creative', 'lab', 'influencer', 'marketing', 'agency', 'yg', 'kerjanya', 'wfa', 'buka', 'lowongan', 'lagi', 'unt'];['dinikopi', 'ada', 'yg', 'mau', 'aku', 'mentorin', 'kantorku', 'creative', 'lab', 'influencer', 'marketing', 'agency', 'yg', 'kerjanya', 'wfa', 'buka', 'lowongan', 'lagi', 'unt'];dinikopi ada yg mau aku mentorin kantorku creative lab influencer marketing agency yg kerjanya wfa buka lowongan lagi unt
183;183.0;@ditut @pinotski Semoga recovery nya makin rapid ğŸ”¥ğŸ”¥ğŸ”¥ğŸ”¥ğŸ”¥ğŸ”¥ğŸ”¥;ditut pinotski semoga recovery nya makin rapid;['ditut', 'pinotski', 'semoga', 'recovery', 'nya', 'makin', 'rapid'];['ditut', 'pinotski', 'semoga', 'recovery', 'nya', 'makin', 'rapid'];ditut pinotski semoga recovery nya makin rapid
184;184.0;Ada ga ya kepsyen yang diawali pake â€œDi sela-sela kesibukankuâ€ tapi isinya bukan endorse? ğŸ§;ada ga ya kepsyen yang diawali pake di sela sela kesibukanku tapi isinya bukan endorse;['ada', 'ga', 'ya', 'kepsyen', 'yang', 'diawali', 'pake', 'di', 'sela', 'sela', 'kesibukanku', 'tapi', 'isinya', 'bukan', 'endorse'];['ada', 'ga', 'ya', 'kepsyen', 'yang', 'diawali', 'pake', 'di', 'sela', 'sela', 'kesibukanku', 'tapi', 'isinya', 'bukan', 'endorse'];ada ga ya kepsyen yang diawali pake di sela sela kesibukanku tapi isinya bukan endorse
185;185.0;"Mira masi mending. Tadi di pesawat, pramugarinya bilang: â€œSalam buat Sky &amp; Snow ya Mbak Meisyaâ€.

Berasa Bebi Romeoâ€¦ https://t.co/UVVfrDtUqY";mira masi mending tadi di pesawat pramugarinya bilang salam buat sky amp snow ya mbak meisya berasa bebi romeo couvvfrdtuqy;['mira', 'masi', 'mending', 'tadi', 'di', 'pesawat', 'pramugarinya', 'bilang', 'salam', 'buat', 'sky', 'amp', 'snow', 'ya', 'mbak', 'meisya', 'berasa', 'bebi', 'romeo', 'couvvfrdtuqy'];['mira', 'masi', 'mending', 'tadi', 'di', 'pesawat', 'pramugarinya', 'bilang', 'salam', 'buat', 'sky', 'amp', 'snow', 'ya', 'mbak', 'meisya', 'berasa', 'bebi', 'romeo', 'couvvfrdtuqy'];mira masi mending tadi di pesawat pramugarinya bilang salam buat sky amp snow ya mbak meisya berasa bebi romeo couvvfrdtuqy
186;186.0;Tadinya pengen ena2 di tenda tapi kok sempit, manuvernya terbatas.ğŸ§ https://t.co/sML6Zq64kU;tadinya pengen ena di tenda tapi kok sempit manuvernya terbatas cosmlzqku;['tadinya', 'pengen', 'ena', 'di', 'tenda', 'tapi', 'kok', 'sempit', 'manuvernya', 'terbatas', 'cosmlzqku'];['tadinya', 'pengen', 'ena', 'di', 'tenda', 'tapi', 'kok', 'sempit', 'manuvernya', 'terbatas', 'cosmlzqku'];tadinya pengen ena di tenda tapi kok sempit manuvernya terbatas cosmlzqku
187;187.0;Sepanggung sama komika2 terbaik tanah air itu pengalaman yang sungguh indah. Semoga masih bisa ngerasain ini lagi tâ€¦ https://t.co/1yEHsD2gUU;sepanggung sama komika terbaik tanah air itu pengalaman yang sungguh indah semoga masih bisa ngerasain ini lagi coyehsdguu;['sepanggung', 'sama', 'komika', 'terbaik', 'tanah', 'air', 'itu', 'pengalaman', 'yang', 'sungguh', 'indah', 'semoga', 'masih', 'bisa', 'ngerasain', 'ini', 'lagi', 'coyehsdguu'];['sepanggung', 'sama', 'komika', 'terbaik', 'tanah', 'air', 'itu', 'pengalaman', 'yang', 'sungguh', 'indah', 'semoga', 'masih', 'bisa', 'ngerasain', 'ini', 'lagi', 'coyehsdguu'];sepanggung sama komika terbaik tanah air itu pengalaman yang sungguh indah semoga masih bisa ngerasain ini lagi coyehsdguu
188;188.0;Rispekmania buat @adjisdoaibu beserta jajarannya, dari mulai panitia inti sampe semua kru di lapangan. LOVE YOU ALLâ€¦ https://t.co/Xw2gKYEnkP;rispekmania buat adjisdoaibu beserta jajarannya dari mulai panitia inti sampe semua kru di lapangan love you all co;['rispekmania', 'buat', 'adjisdoaibu', 'beserta', 'jajarannya', 'dari', 'mulai', 'panitia', 'inti', 'sampe', 'semua', 'kru', 'di', 'lapangan', 'love', 'you', 'all', 'co'];['rispekmania', 'buat', 'adjisdoaibu', 'beserta', 'jajarannya', 'dari', 'mulai', 'panitia', 'inti', 'sampe', 'semua', 'kru', 'di', 'lapangan', 'love', 'you', 'all', 'co'];rispekmania buat adjisdoaibu beserta jajarannya dari mulai panitia inti sampe semua kru di lapangan love you all co
189;189.0;Anyway. From the bottom of my heart, makasih ya para penonton #JamboreStandupindo2022. Surreal rasanya bisa ngalamiâ€¦ https://t.co/ALf9G3oBdx;anyway from the bottom of my heart makasih ya para penonton surreal rasanya bisa ngalami coalfgobdx;['anyway', 'from', 'the', 'bottom', 'of', 'my', 'heart', 'makasih', 'ya', 'para', 'penonton', 'surreal', 'rasanya', 'bisa', 'ngalami', 'coalfgobdx'];['anyway', 'from', 'the', 'bottom', 'of', 'my', 'heart', 'makasih', 'ya', 'para', 'penonton', 'surreal', 'rasanya', 'bisa', 'ngalami', 'coalfgobdx'];anyway from the bottom of my heart makasih ya para penonton surreal rasanya bisa ngalami coalfgobdx
190;190.0;Apus ah. Udah cukup gitu aja jailnya. ğŸ˜‚ğŸ˜‚ğŸ˜‚ğŸ˜‚ğŸ˜‚ğŸ˜‚ğŸ˜‚ğŸ˜‚ğŸ˜‚ğŸ˜‚ğŸ˜‚ğŸ˜‚ğŸ˜‚ğŸ˜‚ğŸ˜‚ğŸ˜‚ğŸ˜‚ğŸ˜‚ğŸ˜‚ğŸ˜‚;apus ah udah cukup gitu aja jailnya;['apus', 'ah', 'udah', 'cukup', 'gitu', 'aja', 'jailnya'];['apus', 'ah', 'udah', 'cukup', 'gitu', 'aja', 'jailnya'];apus ah udah cukup gitu aja jailnya
191;191.0;Asli. Bingung ya ğŸ˜‚ğŸ˜‚ğŸ˜‚ğŸ˜‚ğŸ˜‚ğŸ˜‚ https://t.co/ofdv6yYHs3;asli bingung ya coofdvyyhs;['asli', 'bingung', 'ya', 'coofdvyyhs'];['asli', 'bingung', 'ya', 'coofdvyyhs'];asli bingung ya coofdvyyhs
192;192.0;@teartooo Fuckta. ğŸ¤“;teartooo fuckta;['teartooo', 'fuckta'];['teartooo', 'fuckta'];teartooo fuckta
193;193.0;Ajegile udah 0-3 aja Arsenal. Udah ah nontonnya. Sampe ketemu 1 Oktober deh yak! ğŸ¤˜ğŸ¤˜ğŸ¤˜ğŸ¤˜ğŸ¤˜ #COYS;ajegile udah     aja arsenal udah ah nontonnya sampe ketemu   oktober deh yak;['ajegile', 'udah', 'aja', 'arsenal', 'udah', 'ah', 'nontonnya', 'sampe', 'ketemu', 'oktober', 'deh', 'yak'];['ajegile', 'udah', 'aja', 'arsenal', 'udah', 'ah', 'nontonnya', 'sampe', 'ketemu', 'oktober', 'deh', 'yak'];ajegile udah aja arsenal udah ah nontonnya sampe ketemu oktober deh yak
194;194.0;Maap salah, Partey ada ğŸ™;maap salah partey ada;['maap', 'salah', 'partey', 'ada'];['maap', 'salah', 'partey', 'ada'];maap salah partey ada
195;195.0;Eh iya maap. Partey ada ya. Tetep aja tanpa Odegaard sang kapten / kreator sentral. Nguasain bolanya serem hiiiiiii https://t.co/IUmOagZm1X;eh iya maap partey ada ya tetep aja tanpa odegaard sang kapten kreator sentral nguasain bolanya serem hiiiiiii coiumoagzmx;['eh', 'iya', 'maap', 'partey', 'ada', 'ya', 'tetep', 'aja', 'tanpa', 'odegaard', 'sang', 'kapten', 'kreator', 'sentral', 'nguasain', 'bolanya', 'serem', 'hiiiiiii', 'coiumoagzmx'];['eh', 'iya', 'maap', 'partey', 'ada', 'ya', 'tetep', 'aja', 'tanpa', 'odegaard', 'sang', 'kapten', 'kreator', 'sentral', 'nguasain', 'bolanya', 'serem', 'hiiiiiii', 'coiumoagzmx'];eh iya maap partey ada ya tetep aja tanpa odegaard sang kapten kreator sentral nguasain bolanya serem hiiiiiii coiumoagzmx
196;196.0;Penampilan brilian sang headliner @bene_dion di #JamboreStandupindo2022 semalam bukan hanya menutup rangkaian acaraâ€¦ https://t.co/iWsDoHKozL;penampilan brilian sang headliner bene_dion di semalam bukan hanya menutup rangkaian acara coiwsdohkozl;['penampilan', 'brilian', 'sang', 'headliner', 'bene_dion', 'di', 'semalam', 'bukan', 'hanya', 'menutup', 'rangkaian', 'acara', 'coiwsdohkozl'];['penampilan', 'brilian', 'sang', 'headliner', 'bene_dion', 'di', 'semalam', 'bukan', 'hanya', 'menutup', 'rangkaian', 'acara', 'coiwsdohkozl'];penampilan brilian sang headliner bene_dion di semalam bukan hanya menutup rangkaian acara coiwsdohkozl
197;197.0;Arsenal mainnya bagus banget ya. Gokil Arteta ini.;arsenal mainnya bagus banget ya gokil arteta ini;['arsenal', 'mainnya', 'bagus', 'banget', 'ya', 'gokil', 'arteta', 'ini'];['arsenal', 'mainnya', 'bagus', 'banget', 'ya', 'gokil', 'arteta', 'ini'];arsenal mainnya bagus banget ya gokil arteta ini
