,Tweets
0,"RT @vanlith_gl: Pesanku untuk pengusaha sablon, jelang 2024 pokoknya jangan mau mengerjakan order kaos kampanye dan sebagainya tanpa kejelaâ€¦"
1,RT @pinot: someeetimesas you'rre lucky if almigjhty d0esn't disconnect your nnnerves. be ggraateful. https://t.co/LnKgokNmBl
2,Angkatan CCS / wiro paham nih... https://t.co/AKwyAuysUo
3,Toksik bener bocah busetttttt https://t.co/b5njNjTgqb
4,Akun2 provokator yang lagi manasin mesin 2024 ini ga perlu ditanggepin lah. Malah dapet awareness.
5,@acotenri @EnzyStoria MAU
6,ğŸ«¡ğŸ«¡ğŸ«¡ğŸ«¡ğŸ«¡ğŸ«¡ğŸ«¡ğŸ«¡ğŸ«¡ğŸ«¡ğŸ«¡ğŸ«¡ğŸ«¡ğŸ«¡ğŸ«¡ğŸ«¡ğŸ«¡ğŸ«¡ğŸ«¡ğŸ«¡ğŸ«¡ğŸ«¡ğŸ«¡ğŸ«¡ğŸ«¡ğŸ«¡ğŸ«¡ğŸ«¡ğŸ«¡ğŸ«¡ğŸ«¡ğŸ«¡ğŸ«¡ğŸ«¡ğŸ«¡ğŸ«¡ https://t.co/U2PfokbeOA
7,Sedih beneran disangka nyindir. Elu aje yg sensi. ğŸ˜‚ https://t.co/jo2OFTYcU3
8,"Walau gw fans Spurs, gw harus akui, trisula lini depan Arsenal Saka-Jesus-Martinelli ini kerennya minta ampun. ğŸ«¡"
9,Desember ini kita ketawa-ketawa di Bali yuk! â¤ï¸ https://t.co/7qiaw09nfR
10,RT @aimi_asi: Mantap Kak @nggirma â¤ï¸
11,"RT @evimsofian: Idola banget. Farel keren. ""Agamamu apa? Privasi."" 

Tolong ini dinormalisasi. https://t.co/WEIWVeKO2n"
12,"RT @rezasnegara: Coba kamu liat wajah ibumu ketika lagi tidur, dialah yang dulu ngelahirin dan ngurusin kamu dari kecil, datangi belio gengâ€¦"
13,"Yaudah gapapa kalo ternyata cepmek itu artinya cepak mekar, tapi bacanya yang bener dong cepmek jangan cepmek gituâ€¦ https://t.co/p7rxXMFxaX"
14,"Ngalahin Haaland mah gampang, rendem aja di aer nanti juga korslet chip-nya."
15,"Andai Manchester City nggak beli cyborg buat jadi mesin gol, bisa-bisa Arsenal juara liga ini mah."
16,"RT @ditut: siapapun yg lg putus harapan,biarlah foto ini jd pengingat utk never give up hope &amp; suka cita.Bahkan dlm kondisi yg menurut orgâ€¦"
17,"RT @matt_gray_: YouTube is free education.

But 98% don't know the best professors on its virtual campus. 

Here are the top 10 channels toâ€¦"
18,Waduh ğŸ˜‚ https://t.co/0AyiqgTZYn
19,Udah sembuh ini mahhh ğŸ˜‚ğŸ˜‚ğŸ˜‚ğŸ˜‚ğŸ˜‚ğŸ˜‚ğŸ˜‚ğŸ˜‚ğŸ˜‚ https://t.co/hyDSlyKVfb
20,@bicaraboxoffice Kuda hitam yg mengejutkan
21,Lebih ke epilepsi ga sih? https://t.co/K7X57gWQoz
22,Setting bahasa di henponnya langsung auto british. ğŸ‘ https://t.co/Ro8RCesk02
23,@DianOnno The ultimate cringe
24,@ryorhamono Waaahhhhhh ğŸ’ªğŸ’ªğŸ’ªğŸ’ªğŸ’ªğŸ’ª
25,@bicaraboxoffice Gokssss
26,Mauliate godang â¤ï¸ https://t.co/w7nr2YzCHv
27,RT @NetflixID: Apa yang biasanya suka emak kalian bungkusin begini ges? https://t.co/cciIHOuQDc
28,"RT @jakpost: Using the Kita Bisa online crowdfunding platform, Indonesia's BTS 'ARMY' raised more than Rp 447 million (US$29,316) in just oâ€¦"
29,RT @eshasw: Bali in the future https://t.co/WyMnTuyvto
30,RT @moulysurya: Akhirnya bisa nonton â€œNgeri-Ngeri Sedapâ€ di @NetflixID Kayaknya ini film Indonesia pertama yang bikin gue nangis setelah Adâ€¦
31,Terlalu banyak kabar buruk. ğŸ˜¢
32,"Klo hotel, gw sih mending rekomen https://t.co/CyD89ayubj aja lah udah. Agoda kusut. https://t.co/Any5TSIhGk"
33,"@miund @bene_dion @NetflixID Haha sanssss emg i didnt deserve credit. Cheers und, keep them lovely drawings coming! â¤ï¸"
34,@miund @bene_dion @NetflixID Glad u enjoyed it ğŸ™â¤ï¸
35,"RT @NetflixID: Dua film Indonesia yang udah bisa ditonton di Netflix hari ini:

âœ… Ngeri-Ngeri Sedap: tentang anak-anak yang akhirnya mudik,â€¦"
36,RT @miund: Mohon tanggungjawabnya Abang @bene_dion sudah bikin mata saya bengkak gara2 nonton Ngeri-Ngeri Sedap di @NetflixID. Selamat atasâ€¦
37,"Yang belum sempat nonton di bioskop, silakan. Film perdana Imajinari karya @bene_dion yang akan mewakili Indonesiaâ€¦ https://t.co/PBQfiWliFk"
38,â¤ï¸â¤ï¸â¤ï¸â¤ï¸â¤ï¸â¤ï¸â¤ï¸â¤ï¸ https://t.co/VUX9aXWWwt
39,RT @adjisdoaibu: ğŸ™ğŸ¼ğŸ™ğŸ¼ğŸ™ğŸ¼ https://t.co/OIrhWlSicV
40,Polower awal yang amat bangga sama pencapaian BiBo! ğŸ«¡ https://t.co/uRynQt3h5y
41,"RT @FCBayernEN: Prior to kick-off, we observed a minute of silence in memory of the victims of the Kanjuruhan Stadium tragedy in Indonesiaâ€¦"
42,"Meski pandeminya udah jadi endemi, tapi kebiasaan pejabat buat cuci tangan masih konsisten ya?"
43,@pinotski https://t.co/q48cW73NDU
44,"RT @AlissaWahid: Uluran kasih sayang teman2 semua sudah mulai kami hantarkan kepada keluarga korban #TragediKanjuruhan. 
Tidak akan bisa meâ€¦"
45,"Asli gw gatau samsek kalo PSI ikut2an deklarasi. Ngapain sih, kayak suaranya ngaruh aja. ğŸ˜”"
46,"Buat yang bilang â€œKenapa Nasdem diprotes PSI nggakâ€, gini guys jawabannya: GUA AJA BARU TAU DARI KALIAN KALO PSI DEKLARASI JUGA. ğŸ˜”"
47,"Harapan gw cuma 1, semoga nggak ada lagi pemecah-belahan bangsa kayak di 2 pemilu terakhir. Stop narasi cebong/kampâ€¦ https://t.co/cKdNnTCBmY"
48,"Dengan resmi diumumkannya capres 2024, maka musim buzzer politik pun dimulai. Itâ€™s 2014 &amp; 2019 all over again. Bracâ€¦ https://t.co/r0uAZiSmmO"
49,"RT @kumparan: Sejumlah pemain dan official Arema FC mendatangi Stadion Kanjuruhan di Malang, Senin (3/10). Kedatangan tersebut sebagai bentâ€¦"
50,"Semangat teman-teman, kami tetap menanti! â¤ï¸ https://t.co/sXCED1O456"
51,ğŸ˜­ğŸ˜­ğŸ˜­ğŸ˜­ğŸ˜­ğŸ˜­ğŸ˜­ğŸ˜­ğŸ˜­ https://t.co/Cw58pksyhd
52,Cyborg. https://t.co/mXHJ4xqonx
53,@ivannmakhsara @diazdanar Gudlak ğŸ‘ğŸ‘ğŸ‘ğŸ‘ğŸ‘ğŸ‘
54,"Gw ga masalah sih Nasdem mau dukung capres mana, bodo amat. Tapi apa iya deklarasinya gak bisa ditunda dikit? Kitaâ€¦ https://t.co/Q88R1CGTHw"
55,"RT @AlissaWahid: Tidak ada sepak bola senilai nyawa manusia...
Hati tersayat oleh tragedi Kanjuruhan.
Mari kita ulurkan tangan. GUSDURIAN pâ€¦"
56,RT @BudiSetyarso: Prasasti nama-nama korban. #KoranTempo https://t.co/nxzj23tpnQ
57,"RT @AhmadKawom: Setelah peretasan ada satu pesan ancaman kpd kru narasi :"" DIAM ATAU MATI ""

Bantu narasi sebarkan kebenaran dengan RTL cuiâ€¦"
58,"â€œCASTING YUK!â€, gitu? https://t.co/cjbio86kN5"
59,"RT @panditfootball: Aksi solidaritas dari Bobotoh di Taman Cikapayang, Bandung. https://t.co/2z1TrpUcb0"
60,"RT @AremaFC: Mohon izin meneruskan informasi dari kawan-kawan tenaga kesehatan RSUD Kanjuruhan. 

Apabila mengenali Aremania dan Aremanitaâ€¦"
61,"Sedih banget malah liat temen-temen twitwar segala. Udahlah, fokus aja sama orang-orang yang memang bertanggungjawaâ€¦ https://t.co/MXdTWfAXnG"
62,RT @Spurs_ID: Tottenham Hotspur ingin menyampaikan belasungkawa kepada semua korban dan keluarga atas tragedi yang terjadi di Stadion Kanjuâ€¦
63,"RT @aqfiazfan: Kami sudah memulai investigasi tragedi di Kanjuruhan dan butuh banyak informasi foto/video pasca match, saat match atau sesaâ€¦"
64,"RT @FaktaSepakbola: ğŸš¨BREAKING: Update per jam ini dari Dinkes Kabupaten Malang jumlah korban meninggal dunia 182 orang.

Korban mayoritas bâ€¦"
65,RT @corbuzier: Mantap!! Polisi loe Prank KDRT!! Suka gue... Besok TNI sekalian.. gue temenin !! Asuuuh. #baimwong https://t.co/Rf0tstgBWv
66,Good call. https://t.co/7dNcTs68zk
67,Dear God ğŸ˜­ğŸ˜­ğŸ˜­ğŸ˜­ğŸ˜­ğŸ˜­ğŸ˜­ğŸ˜­ https://t.co/54MvfiTHTq
68,Terlalu mengerikan. Terlalu menyesakkan. Ya Tuhan. ğŸ˜­
69,"RT @coldrebellion: Dua musibah stadion sepakbola yang paling banyak korban jiwa, Tragedi Lima (1964) dan Tragedi Accra (2001), sama-sama diâ€¦"
70,"RT @adepedia: Bencana sepak bola terbesar di dunia itu terjadi di Lima, Peru tahun 1964 menewaskan 328 jiwa. Tebak pencetusnya apa? Gas airâ€¦"
71,"Mohon maaf nih Pak Kapolda, tapi gas air mata di dalam stadion itu dilarang oleh FIFA. Mungkin alasannya ya supayaâ€¦ https://t.co/5XFnm4kP7e"
72,"Pak @jokowi, menteri anda ini lho. https://t.co/kga3jXvRIm"
73,Speechless ğŸ˜­ğŸ˜­ğŸ˜­ğŸ˜­ğŸ˜­ https://t.co/9gZfXPrits
74,Turut berduka atas tragedi di Kanjuruhan. ğŸ˜¢ğŸ˜¢ğŸ˜¢ğŸ˜¢ğŸ˜¢ğŸ˜¢ğŸ˜¢ğŸ˜¢ğŸ˜¢ğŸ˜¢ğŸ˜¢ğŸ˜¢ğŸ˜¢ğŸ˜¢ğŸ˜¢ğŸ˜¢ğŸ˜¢ğŸ˜¢ğŸ˜¢ğŸ˜¢ğŸ˜¢ğŸ˜¢ğŸ˜¢ğŸ˜¢ğŸ˜¢
75,@bicaraboxoffice Like &amp; Share bro
76,"Musim lalu Arteta &amp; â€œTrust the processâ€ jadi bahan olok-olok massal. Sekarang hasilnya keren banget, rispek."
77,"Kartu merah dong. Yaudah, tutup aja aplikasi Vidionya ğŸ˜‚ğŸ˜‚ğŸ˜‚ğŸ˜‚ğŸ˜‚ğŸ˜‚ğŸ˜‚ğŸ˜‚ğŸ˜‚ğŸ˜‚ğŸ˜‚ğŸ˜‚ğŸ˜‚"
78,@annanneass U too? Bloody hell
79,"Arsenal sangar banget maennya. Bisa ini mah finish di top 2 kalo gak direcok cedera. Arteta udah lebih lama berproses, Conte butuh waktu."
80,LLORIS MABOK CIUUUUUU ğŸ˜” 2-1 Arsenal unggul lagiiiiiiğŸ˜‚ğŸ˜‚ğŸ˜‚ğŸ˜‚ğŸ˜‚ğŸ˜‚ğŸ˜‚ğŸ˜‚ğŸ˜‚ğŸ˜‚ğŸ˜‚
81,@SBKCF Anjir mana gw nonton lagi
82,@SpursWebSeb Emerson not too shabby.
83,Abis 1-1 Arsenal kayak rada goyang nih. Menarique. ğŸ˜‚
84,1-1. Seru gila anjayyyyyy COYS https://t.co/uhUu9QHbxZ
85,Busettttttt Spurs kebobolan rudal.. gila banget Partey ğŸ«¡ğŸ«¡ğŸ«¡ğŸ«¡ğŸ«¡
86,HEY https://t.co/ZRN26Mm1dl
87,Kenapa bawa2 Rustu Recber sih ğŸ˜‚ https://t.co/d288ByDvPW
88,"Ketika menikah, saya &amp; istri tidak membuat perjanjian pembagian harta. Apa yang mau dibagi hartanya aja kaga ada. ğŸ˜‚"
89,"RT @miund: Good thread. Banyak cari info, calon ibu, cari dokter dan RS yang pro ASI juga ya. Menyusuilah dengan keras kepala âœ¨"
90,"@Chrisgcomedy Nasi isnt deep fried, get ur facts right! #twitterbullyingtrainingcourse"
91,BOS https://t.co/dlbi16esuO
92,Siapa kira-kira pejabat / capres pertama yang bakal bikin video pake backsound â€œKadang bikin akuuuu kesa!â€ hayo?
93,"RT @AdjieSanPutro: Hurry society. Pernah baca istilah yang menggambarkan masyarakat serba tergesa.

Tergesa sukses. Tergesa naik jabatan. Tâ€¦"
94,"RT @bintangbete: selebritis: pamer kemesraan, eh gataunya di belakang ribut-ribut &amp; akhirnya bercerai.

politisi: ribut-ribut, eh gataunyaâ€¦"
95,WOY. https://t.co/huoQKf86XW
96,@Adriandhy Tante ğŸ˜¢ğŸ˜¢ğŸ˜¢ğŸ˜¢ğŸ˜¢ğŸ˜¢ğŸ˜¢
97,@pinot @garyvee @veefriends https://t.co/jGXKJnBxLY
98,Baru beberapa halaman tapi langsung jatuh cinta sama tulisannya @okkymadasari. Akan jadi perjalanan membaca yang meâ€¦ https://t.co/P1nSlPucEs
99,RT @BiLLYKHAERUDIN: Sebulan lalu Menko PMK bilang 3 thn terakhir ada penurunan persentase bayi yang dapat ASI eksklusif. Pernyataan Menko Pâ€¦
100,This Pinot recovery journey is just so awesome. ğŸ«¡ğŸ«¡ğŸ«¡ğŸ«¡ğŸ«¡ğŸ«¡ğŸ«¡ğŸ«¡ğŸ«¡ğŸ«¡ğŸ«¡ğŸ«¡ğŸ«¡ğŸ«¡ğŸ«¡ğŸ«¡ğŸ«¡ğŸ«¡ğŸ«¡ğŸ«¡ğŸ«¡ğŸ«¡ğŸ«¡
101,ğŸ˜­ğŸ˜­ğŸ˜­ğŸ˜­ğŸ˜­ğŸ˜­ğŸ˜­ğŸ˜­ğŸ˜­ğŸ˜­ğŸ˜­ https://t.co/ifE2yzRfkK
102,RT @hariankompas: Tim #InvestigasiKompas menemukan fakta dugaan pelanggaran pemasaran susu formula bayi 0-6 bulan yang melibatkan agen pemaâ€¦
103,"@sinekdoks @EAFIFADirect YES!!!! And fave/starred obj, too."
104,"RT @bicaraboxoffice: Hingga hari ini, penonton film Indonesia rilis tahun 2022 telah menembus angka 44 juta.
Dengan adanya beberapa film beâ€¦"
105,SICK! ğŸ˜­ğŸ˜­ğŸ˜­ğŸ˜­ğŸ˜­ https://t.co/vtxq9KCFp9
106,Wih. Menu gw beda sih. https://t.co/7f0Fz76NOs https://t.co/JUQAzZvQwu
107,Marah ya marah aja gausah ngomong jorok dong?! https://t.co/BpemgK9VJt
108,Terimakasih penonton film Indonesia! â¤ï¸ https://t.co/NRgKSeRiUF
109,"RT @jill_bobby: Pria umur 34 tahun pacaran dengan anak umur 14 tahun karena â€œLebih mudah diatur. Mudah diedukasi, mudah diajarin.â€

Maksudnâ€¦"
110,INI HOROR APA ACTION YA GILA KEREN AMATTT!!!!!! ğŸ”¥ğŸ”¥ğŸ”¥ğŸ”¥ğŸ”¥ğŸ”¥ğŸ”¥ğŸ”¥ğŸ”¥ğŸ”¥ğŸ”¥ğŸ”¥ https://t.co/lGYzj8eRwM
111,@ariwidyaputra Gpp si klo semua begitu.. masalahnya banyak yg udah terima ğŸ¥²
112,@gigihadiguna Lancar2 maseeeeww
113,"@ariwidyaputra Udah, udah main rivals segala."
114,BCA adalah mantap âœ¨ https://t.co/4crBSrsWYK
115,"Yang PO FIFA23 Ultimate Edition, FIFA Points nya pada masuk ga? Kok di gw ga muncul ya?"
116,YA AMPONNNNNNNğŸ˜ğŸ˜ğŸ˜ğŸ˜ğŸ˜ğŸ˜ğŸ˜ğŸ˜ğŸ˜ğŸ˜ğŸ˜ https://t.co/ndevfoH8qD
117,GANGGU BANGET ANJIR https://t.co/37861rocPy
118,"RT @kristoimmanuel: Dubbing kok kartun, ikan dong https://t.co/z2OvHASr40"
119,"@Spurs_ID @premierleague â€œSafe to sayâ€ itu term bhs inggris, ga bisa maen diterjemahin gitu min ğŸ˜‚"
120,"@jafar_ace Ya starter squad seadanya.. semua koin gw invest ke kimpembe+maignan, sisanya ya ala kadar :))"
121,@nc_andrean RTG broooooo
122,TONIGHT! Happy FIFA23 Day! https://t.co/00zPyzSkec
123,RT @sdenta: Tidak. Kebanyakan gula justru bikin sulit ereksi. Gula darah yg terlalu tinggi bisa merusak saraf/pembuluh darah sekitar penis.â€¦
124,"Kontrasepsi harusnya sih jangan dimiskonsepsi, tapi dieksekusi.

Anak muda kudu makin pinter lahh. Yuk ah kita saliâ€¦ https://t.co/IWk3T0xL0r"
125,"Mindblowing: Menurut WHO, 37,5% kehamilan di Indonesia adalah kehamilan yg tidak direncanakan. Gokil ya, lebih dariâ€¦ https://t.co/BfUfOAXL5x"
126,"Kenapa ya, di Indonesia ini setiap ada pembagian kondom itu langsung jadi ribut. Padahal selain kehamilan, itu bisaâ€¦ https://t.co/lP5RPFiIaI"
127,"Foto ini semakin menegaskan, seberapa berjaraknya mereka dengan rakyat. Pura-pura merakyat aja gagal total. https://t.co/XA0s89lk4R"
128,"RT @gizipedia_id: Apakah industri Minuman Berpemanis Dalam Kemasan (MBDK) adalah 'kejahatan'?

Sebuah utas ilmiah.
Ditulis oleh registeredâ€¦"
129,Rakyat Rusia mulai berani melawan. Tanda-tanda berakhirnya era Putin? https://t.co/kzeZEAjqOg
130,@hafilova Seeep.. ID gw ada 3 tp yg mana ya yg terakhir ğŸ˜‚
131,@hafilova Besok malem 00:00wib barti ya?
132,Kasus Esteh jadi momentum bagus untuk membahas urgensi regulasi minuman manis. Gula itu bahaya bro.
133,"Abis nonton Drama Ratu Drama episode perdana, kesan gw ada 2:

1) Kesel sama @acotenri karna gw pengen ajak Enzy daâ€¦ https://t.co/YgW9Q2Z2Xm"
134,ğŸ‘ğŸ‘ğŸ‘ğŸ‘ğŸ‘ğŸ‘ğŸ‘ https://t.co/L74viUSlur
135,NAH LU ğŸ˜‚ğŸ˜‚ğŸ˜‚ğŸ˜‚ğŸ˜‚ğŸ˜‚ https://t.co/OqjhWcdN4k
136,"RT @kopiganja: Hai @BPOM_RI, mungkin sudah saatnya mewajibkan penjaja minuman dan makanan berkadar gula tinggi memasang label peringatan beâ€¦"
137,RT @indraturner_: Wah ternyata takaran gulanya gak seberapa dibanding takaran ketersinggungannya yaa.
138,IDIH KATRO https://t.co/C2iojZHXT8
139,Sok gagah bener gini doang bawa2 tim legal.. ğŸ˜‚ğŸ˜‚ğŸ˜‚ğŸ˜‚ğŸ˜‚ https://t.co/OY0ueKaMkl
140,"RT @LeenaManimekali: This picture of chopped hair hoisted as a flag will be the photograph of this century.

#IranProtests2022 https://t.coâ€¦"
141,"RT @AlinejadMasih: If you want to know how #MahsaAmini was killed, watch this video of morality police which Iranians use their cameras toâ€¦"
142,"RT @dr_koko28: Para wanita harus tahu ini.

Semakin banyak mereka mengkonsumsi minuman manis, semakin besar risiko mereka mengalami PCOS. Bâ€¦"
143,"Pantesan. Kirain lucu2an doang, ternyata very personal. Goks. https://t.co/b7PPToQTEV"
144,@okkymadasari Okaiii thx ya :)
145,"@okkymadasari Kak aku pengen pesan satu set tapi klo onlen suka takut banyak bajakan, rekomen pesan di onlen shop mana? Thank u ğŸ™"
146,RT @ArditErwandha: Masih kuat jadi orang gak enakan? https://t.co/4xI9SBu4UV
147,@ikanatassa ALL THE BEST! ğŸ”¥ğŸ”¥ğŸ”¥ğŸ”¥ğŸ”¥ğŸ”¥
148,ğŸ‘ğŸ‘ğŸ‘ğŸ‘ğŸ‘ğŸ‘ğŸ‘ https://t.co/q6riKAriXN
149,JENIUSSSSS âœ¨ https://t.co/toC70H9dMg
150,Awal yang indah di FUT23 ğŸ˜™ https://t.co/gf57QSAT63
151,Tumben bener ğŸ‘ https://t.co/6nEIrVrAxO
152,@bicaraboxoffice Wih
153,"RT @NetflixID: Pengumuman!

Film garapan sutradara @bene_dion yang siap mewakili Indonesia untuk bersaing di Piala Oscar 2023.... NGERI-NGEâ€¦"
154,"RT @VisinemaID: Jangan nonton bajakan ya, teman-teman. Jangan pernah. 
#MencuriRadenSaleh https://t.co/Z0T0putlRY"
155,"RT @kurawa: Rp. 560 M  = Sin$ 55 juta.
Mainnya di Marina Bay Sand Casino, paling suka di lantai bawah yg free smoking. 

Kemungkinan kekalaâ€¦"
156,"Yang nunggu FUT23 bisa pantengin link ini, live update

Fifa 23 Web App Is Finally Here!! - Show Me Your Starter Teâ€¦ https://t.co/gbxSKSjQY0"
157,@danieldeem Iye. Jam 1 kayanya nih.
158,Kebiasaan elu mah @EASPORTS https://t.co/UiDjdtfps4
159,Parah FUT23 pemain2 Belanda banyak banget yg OP ğŸ”¥ https://t.co/5XYCBQPjt7
160,"RT @Standupindo: Terima kasih untuk Komika yang telah tampil, Panitia yang handal serta Penonton yang kami sayangi.

Kebayang terus serunyaâ€¦"
161,"RT @JennyJusuf: Penyebab utama orang selingkuh: Karena mau, dan bisa.

Satu-satunya hal yang bisa mencegah seseorang berselingkuh:
Dirinyaâ€¦"
162,@AlasdairGold @CDEccleshare @TimSpiers ğŸ˜‚ğŸ˜‚ğŸ˜‚ğŸ˜‚ğŸ˜‚ğŸ˜‚ğŸ˜‚ğŸ˜‚ğŸ˜‚
163,@alexandermatius Lah curang malah lebih tau ğŸ˜‚
164,Yah bocor dahâ€¦ https://t.co/k8SLk5KoBL
165,@cinemuach @alexandermatius Gonna be EPIC
166,@alexandermatius L&amp;S
167,Abis ngintip trailer film Indonesia yang sungguh WAWWWWWWW!!!!!!!! Tungguin November entar deh ğŸ«£
168,Awwwwwwwwwww ğŸ˜¢ https://t.co/d1uTVHqmN4
169,"RT @Shuayb__: TikTok is Destroying a Generation

a thread (based on studies)"
170,"Kalo suami orang gak setia, belum tentu berarti suamimu TERNYATA juga gak setia. Kesetiaan itu harusnya dihargai, bukan dicurigai."
171,@sinekdoks Ps4
172,Lagi girang kenapa sih mas https://t.co/e25nYjd9D5
173,Bagus banget ini. https://t.co/VtHVNGFm6U
174,"RT @AndreasSteno: The green transition will make us 100% dependent on China instead of Russia

And China knows.. https://t.co/f8vBKNTYFi"
175,@xFebsss Mau kepcer keburu matek app nya bhahahahahaha..
176,"Kalo main FUT23 dan ketemu klub bernama BOCAH TOLIL, itu gw. Tolong dikasih menang aja ya plis. ğŸ¤£"
177,"Selamat malam para budak EA SPORTS, jangan lupa FIFA23 akan rilis FUT23 Web App lusa! ğŸ¤“"
178,Ini trick CGI ga sih?! Mana mungkinnnnnn ğŸ˜±ğŸ˜±ğŸ˜±ğŸ˜±ğŸ˜±ğŸ˜±ğŸ˜±ğŸ˜±ğŸ˜±ğŸ˜±ğŸ˜±ğŸ˜±ğŸ˜±ğŸ˜± https://t.co/kFviNUz1Sd
179,ğŸ”¥ğŸ”¥ğŸ”¥ğŸ”¥ğŸ”¥ğŸ”¥ https://t.co/0vni4DljRE
180,RT @kristoimmanuel: Social experiment di Singapur ğŸ™ https://t.co/Mh6PEQrZR5
181,"RT @RapiFilm: Testimoni, komentar, dan review bagus Noktah Merah Perkawinan sudah bertebaran. 

Filmnya menyentuh dan bermakna untuk penontâ€¦"
182,"RT @dinikopi13: Ada yg mau aku mentorin?

Kantorku 5758 Creative Lab, Influencer Marketing Agency yg kerjanya WFA, buka lowongan (lagi) untâ€¦"
183,@ditut @pinotski Semoga recovery nya makin rapid ğŸ”¥ğŸ”¥ğŸ”¥ğŸ”¥ğŸ”¥ğŸ”¥ğŸ”¥
184,Ada ga ya kepsyen yang diawali pake â€œDi sela-sela kesibukankuâ€ tapi isinya bukan endorse? ğŸ§
185,"Mira masi mending. Tadi di pesawat, pramugarinya bilang: â€œSalam buat Sky &amp; Snow ya Mbak Meisyaâ€.

Berasa Bebi Romeoâ€¦ https://t.co/UVVfrDtUqY"
186,"Tadinya pengen ena2 di tenda tapi kok sempit, manuvernya terbatas.ğŸ§ https://t.co/sML6Zq64kU"
187,Sepanggung sama komika2 terbaik tanah air itu pengalaman yang sungguh indah. Semoga masih bisa ngerasain ini lagi tâ€¦ https://t.co/1yEHsD2gUU
188,"Rispekmania buat @adjisdoaibu beserta jajarannya, dari mulai panitia inti sampe semua kru di lapangan. LOVE YOU ALLâ€¦ https://t.co/Xw2gKYEnkP"
189,"Anyway. From the bottom of my heart, makasih ya para penonton #JamboreStandupindo2022. Surreal rasanya bisa ngalamiâ€¦ https://t.co/ALf9G3oBdx"
190,Apus ah. Udah cukup gitu aja jailnya. ğŸ˜‚ğŸ˜‚ğŸ˜‚ğŸ˜‚ğŸ˜‚ğŸ˜‚ğŸ˜‚ğŸ˜‚ğŸ˜‚ğŸ˜‚ğŸ˜‚ğŸ˜‚ğŸ˜‚ğŸ˜‚ğŸ˜‚ğŸ˜‚ğŸ˜‚ğŸ˜‚ğŸ˜‚ğŸ˜‚
191,Asli. Bingung ya ğŸ˜‚ğŸ˜‚ğŸ˜‚ğŸ˜‚ğŸ˜‚ğŸ˜‚ https://t.co/ofdv6yYHs3
192,@teartooo Fuckta. ğŸ¤“
193,Ajegile udah 0-3 aja Arsenal. Udah ah nontonnya. Sampe ketemu 1 Oktober deh yak! ğŸ¤˜ğŸ¤˜ğŸ¤˜ğŸ¤˜ğŸ¤˜ #COYS
194,"Maap salah, Partey ada ğŸ™"
195,Eh iya maap. Partey ada ya. Tetep aja tanpa Odegaard sang kapten / kreator sentral. Nguasain bolanya serem hiiiiiii https://t.co/IUmOagZm1X
196,Penampilan brilian sang headliner @bene_dion di #JamboreStandupindo2022 semalam bukan hanya menutup rangkaian acaraâ€¦ https://t.co/iWsDoHKozL
197,Arsenal mainnya bagus banget ya. Gokil Arteta ini.
